split,actual_hours,predicted_hours
train,324.1983333333333,63.38362
train,7.413055555555555,28.259527
train,43.07694444444444,45.929405
train,40.8975,62.03683
train,123.88111111111111,59.491093
train,62.55138888888889,61.32516
train,13.39638888888889,68.54167
train,36.07944444444445,50.805862
train,12.220833333333333,35.096416
train,69.79277777777777,44.4447
train,113.32666666666667,17.380695
train,32.26083333333333,30.815802
train,150.55777777777777,27.809511
train,12.758611111111112,49.09858
train,261.32444444444445,69.21317
train,322.7991666666667,61.751953
train,139.75333333333333,63.60856
train,20.941666666666666,38.923065
train,176.81861111111112,59.449947
train,3.0652777777777778,26.142603
train,91.6975,51.338013
train,3.310277777777778,30.32143
train,160.13222222222223,52.558506
train,48.075,30.964817
train,19.610555555555557,34.607746
train,43.97944444444445,64.22567
train,171.05583333333334,36.002403
train,9.755277777777778,56.64696
train,2.7672222222222222,49.937626
train,77.09666666666666,50.81954
train,10.950555555555555,44.458805
train,100.77944444444445,51.42762
train,108.8086111111111,52.696083
train,23.157777777777778,82.83988
train,3.0883333333333334,35.344982
train,1.525,36.40982
train,25.348055555555554,54.1294
train,143.43027777777777,40.416954
train,40.92333333333333,64.87484
train,82.79638888888888,45.557938
train,29.461111111111112,53.67957
train,231.55972222222223,48.149384
train,48.845555555555556,68.01896
train,113.4636111111111,67.28073
train,25.587777777777777,60.78865
train,99.83166666666666,52.701023
train,24.906111111111112,68.38666
train,8.924444444444445,57.327957
train,289.9602777777778,56.115547
train,16.438055555555554,48.13501
train,220.27027777777778,53.789055
train,144.07777777777778,51.263744
train,52.240833333333335,60.9979
train,2.551388888888889,28.82029
train,107.41694444444444,73.011444
train,20.82027777777778,34.93142
train,139.5011111111111,39.72405
train,13.065833333333334,23.808603
train,169.25222222222223,60.91884
train,145.71777777777777,74.95909
train,13.511111111111111,40.18776
train,22.34638888888889,31.819916
train,5.5775,37.402187
train,167.04361111111112,61.81557
train,48.714444444444446,66.87686
train,68.82638888888889,52.963028
train,111.28444444444445,66.63971
train,335.54083333333335,51.517807
train,5.6177777777777775,49.10718
train,37.36194444444445,40.46874
train,63.20472222222222,53.17302
train,99.76861111111111,42.618565
train,143.64527777777778,71.28567
train,31.01222222222222,53.195457
train,25.48027777777778,52.619743
train,106.90388888888889,44.75499
train,228.21694444444444,43.33144
train,1.3797222222222223,36.066235
train,1.6072222222222223,34.980556
train,145.96083333333334,72.02547
train,36.785833333333336,64.74291
train,18.17,59.45923
train,71.85222222222222,64.92307
train,3.2255555555555557,57.633892
train,5.690555555555555,36.617893
train,26.514444444444443,55.365215
train,5.680555555555555,39.987106
train,9.407777777777778,27.542248
train,39.67777777777778,74.59653
train,171.1063888888889,32.68443
train,5.2572222222222225,44.33023
train,1.5577777777777777,43.859623
train,313.24333333333334,38.6993
train,24.583055555555557,68.83106
train,100.30416666666666,83.40994
train,86.96305555555556,34.231495
train,4.296111111111111,58.685917
train,32.58111111111111,48.9209
train,26.08222222222222,50.355312
train,175.33416666666668,78.90061
train,46.93861111111111,27.904257
train,94.95694444444445,57.092274
train,119.45055555555555,39.483078
train,37.39222222222222,50.08654
train,117.08,33.7052
train,15.49,44.867313
train,50.83972222222222,79.32062
train,34.86277777777778,55.584988
train,47.53472222222222,52.858723
train,28.87472222222222,58.625042
train,34.160555555555554,64.3064
train,184.8061111111111,33.426586
train,97.69583333333334,60.47587
train,1.5897222222222223,32.313538
train,169.93722222222223,35.90988
train,23.61861111111111,46.566875
train,42.155277777777776,36.82176
train,105.20333333333333,67.7606
train,1.3511111111111112,62.97077
train,82.91722222222222,65.76949
train,27.290555555555557,60.12706
train,27.578333333333333,45.146416
train,198.16027777777776,70.816734
train,132.24694444444444,43.37815
train,4.521111111111111,38.564075
train,97.79555555555555,41.894844
train,34.73861111111111,59.74879
train,7.221666666666667,47.528854
train,12.107777777777779,33.440025
train,35.903333333333336,57.445614
train,60.155,65.44917
train,70.7475,81.662796
train,256.72277777777776,77.769
train,93.42333333333333,87.07452
train,36.47611111111111,37.4236
train,1.3169444444444445,27.066679
train,19.71638888888889,50.242596
train,12.342222222222222,62.72201
train,2.261388888888889,48.76423
train,24.751666666666665,38.43049
train,57.45166666666667,35.42178
train,70.13555555555556,86.022194
train,121.38083333333333,71.9298
train,85.09722222222223,65.875534
train,244.38305555555556,41.502575
train,234.8488888888889,69.4449
train,82.03666666666666,48.107544
train,95.1125,62.965313
train,1.9666666666666666,51.51092
train,259.6563888888889,28.072556
train,49.75194444444445,40.731987
train,118.96583333333334,48.795227
train,45.87166666666667,28.066456
train,293.6147222222222,44.3675
train,275.3308333333333,50.7408
train,97.46388888888889,57.140106
train,4.174722222222222,48.423706
train,13.837777777777777,73.39223
train,153.1911111111111,67.25352
train,165.20416666666668,59.37289
train,74.2175,32.759903
train,240.74944444444444,67.582924
train,68.03527777777778,57.568253
train,125.81027777777778,70.02368
train,3.2544444444444443,50.465076
train,11.0675,28.227203
train,44.4575,52.397346
train,29.09888888888889,62.545082
train,123.62944444444445,49.495407
train,56.74138888888889,72.54646
train,66.78277777777778,41.161842
train,68.0586111111111,62.227993
train,25.85361111111111,35.377884
train,247.88888888888889,81.41913
train,4.213333333333333,40.526398
train,4.831388888888889,27.943827
train,71.86333333333333,57.40561
train,91.53805555555556,64.064606
train,89.49305555555556,81.17003
train,26.525,45.108265
train,23.611944444444443,50.88742
train,285.03222222222223,58.176693
train,30.315277777777776,63.23021
train,115.46388888888889,27.435345
train,84.59333333333333,30.41511
train,10.825277777777778,44.026802
train,2.1019444444444444,54.677258
train,30.803055555555556,61.84613
train,10.1525,41.3678
train,98.16805555555555,48.361378
train,21.721944444444443,36.979076
train,233.28472222222223,47.408463
train,147.63777777777779,37.670895
train,105.61333333333333,56.66398
train,6.288888888888889,18.905203
train,185.68694444444444,50.14488
train,2.870833333333333,51.210438
train,8.603055555555555,39.55244
train,2.3644444444444446,50.59047
train,120.96583333333334,62.693638
train,72.6913888888889,53.31089
train,186.46777777777777,38.032433
train,36.19861111111111,31.04253
train,192.43722222222223,67.689125
train,57.91972222222222,53.341938
train,32.1475,68.783264
train,125.9738888888889,43.956047
train,210.96805555555557,53.68726
train,72.06333333333333,48.860126
train,15.674722222222222,44.459965
train,47.28277777777778,46.757988
train,235.7747222222222,57.191807
train,148.77944444444444,86.70304
train,62.18527777777778,38.753998
train,168.78694444444446,74.645065
train,75.79194444444444,61.46077
train,23.120277777777776,41.4151
train,271.1719444444444,37.98252
train,8.946944444444444,29.918974
train,186.87305555555557,79.39496
train,170.50416666666666,63.20311
train,44.52333333333333,71.116516
train,57.26694444444445,50.003662
train,322.525,51.793232
train,9.546944444444444,27.973852
train,16.330555555555556,41.00566
train,47.10583333333334,40.948166
train,24.433333333333334,70.464226
train,20.557777777777776,73.927765
train,12.110555555555555,49.37559
train,167.91694444444445,50.576904
train,26.55361111111111,69.99456
train,1.3147222222222221,39.9336
train,1.8355555555555556,39.98962
train,286.20694444444445,37.989956
train,33.301944444444445,33.875233
train,13.198611111111111,29.311384
train,334.1141666666667,47.347195
train,5.987222222222222,29.3738
train,6.798055555555556,32.180542
train,23.4775,48.297443
train,45.04694444444444,52.65673
train,23.580555555555556,38.600986
train,21.215,35.183933
train,19.738333333333333,51.89261
train,48.435,45.277813
train,84.09555555555555,54.31277
train,198.90444444444444,55.9059
train,43.01305555555555,66.768684
train,19.735277777777778,51.837532
train,22.41888888888889,44.379345
train,245.31944444444446,50.19236
train,13.231388888888889,71.04537
train,37.8175,58.44404
train,31.960277777777776,28.87775
train,161.9386111111111,39.926117
train,127.77638888888889,71.85288
train,195.23444444444445,30.067047
train,23.719166666666666,31.796024
train,92.35333333333334,35.31989
train,166.39083333333335,71.26809
train,25.843333333333334,35.750847
train,307.1,67.00927
train,92.30027777777778,68.90749
train,308.6094444444444,63.871048
train,197.31194444444444,56.631348
train,29.79888888888889,35.36219
train,16.406666666666666,30.351002
train,316.74555555555554,43.261696
train,117.64666666666666,66.33076
train,95.26833333333333,39.93456
train,2.6422222222222222,31.370724
train,43.073055555555555,59.000088
train,73.03055555555555,27.627663
train,248.57833333333335,61.37975
train,12.669444444444444,41.36552
train,118.17666666666666,39.373756
train,38.591388888888886,77.310936
train,110.06666666666666,49.820347
train,258.03527777777776,52.22738
train,286.57472222222225,54.401436
train,233.27555555555554,82.46684
train,314.3283333333333,61.429264
train,241.2488888888889,57.550076
train,18.356944444444444,36.407063
train,41.4,61.964222
train,168.29916666666668,60.364723
train,21.62527777777778,41.121967
train,59.562222222222225,49.755394
train,1.7794444444444444,52.072956
train,122.75138888888888,32.723274
train,77.17527777777778,67.89973
train,308.78694444444443,71.000755
train,129.475,69.82844
train,10.407777777777778,48.073322
train,43.470555555555556,46.84013
train,25.102777777777778,66.27527
train,9.584166666666667,39.450256
train,159.98444444444445,65.78993
train,7.453888888888889,39.233395
train,149.0886111111111,35.690273
train,42.31194444444444,50.34624
train,161.1325,82.92116
train,6.272777777777778,52.706207
train,60.98277777777778,42.866108
train,54.54194444444445,49.88026
train,47.9325,52.24444
train,137.795,69.70001
train,88.40666666666667,31.239292
train,211.20194444444445,37.08293
train,49.25833333333333,64.59318
train,80.81083333333333,62.342182
train,266.8786111111111,31.205791
train,14.2125,45.710873
train,22.246388888888887,36.934875
train,6.8005555555555555,65.84314
train,17.787777777777777,32.25203
train,21.745277777777776,28.824984
train,218.3125,35.449516
train,98.61222222222223,56.463192
train,53.160555555555554,38.014935
train,133.32166666666666,67.33698
train,236.3775,30.121595
train,40.18194444444445,25.870165
train,82.89666666666666,63.019684
train,130.5872222222222,72.608284
train,198.71416666666667,44.28403
train,90.17722222222223,28.501326
train,15.60388888888889,66.25929
train,4.823055555555555,25.88279
train,70.07527777777777,38.591175
train,30.121388888888887,45.355568
train,16.851666666666667,32.51736
train,11.572222222222223,58.186768
train,28.29,20.310375
train,62.54388888888889,80.493996
train,286.69694444444445,30.043228
train,20.70111111111111,64.69942
train,48.85527777777778,74.33125
train,6.131388888888889,56.66931
train,38.04472222222222,38.614838
train,20.726666666666667,35.64684
train,212.56833333333333,75.87815
train,168.54,34.126797
train,139.06305555555556,36.932247
train,231.9177777777778,33.0944
train,22.586111111111112,63.031685
train,14.891666666666667,62.12674
train,41.19888888888889,76.05905
train,3.573888888888889,38.12986
train,234.02944444444444,57.15885
train,68.54305555555555,34.530464
train,150.31805555555556,46.79902
train,101.06805555555556,46.423687
train,3.0430555555555556,38.333992
train,245.38611111111112,33.60939
train,1.2961111111111112,21.20059
train,44.519444444444446,63.54088
train,79.81333333333333,71.00728
train,20.369722222222222,39.867847
train,128.61138888888888,38.139816
train,3.277222222222222,47.121887
train,13.282777777777778,42.059597
train,11.884166666666667,28.375853
train,33.68138888888889,24.373306
train,10.650555555555556,58.887726
train,10.695277777777777,28.7856
train,8.118611111111111,43.989952
train,55.345,28.195208
train,49.90083333333333,57.818825
train,313.7127777777778,67.38438
train,54.269444444444446,59.822296
train,12.588055555555556,41.767033
train,19.150555555555556,62.14679
train,25.20888888888889,67.7827
train,24.072222222222223,54.985012
train,199.0038888888889,47.015865
train,75.53277777777778,32.902023
train,57.09111111111111,53.966343
train,3.4897222222222224,72.36009
train,261.71694444444444,67.22634
train,81.6375,60.973217
train,27.586111111111112,43.799564
train,47.585277777777776,58.566303
train,19.4825,54.266872
train,25.10472222222222,47.518105
train,26.732222222222223,43.645626
train,31.823611111111113,38.441555
train,43.69555555555556,27.87488
train,247.70833333333334,74.96717
train,33.96888888888889,45.355167
train,3.1475,49.20732
train,229.60305555555556,71.60482
train,200.17027777777778,71.25285
train,100.36555555555556,73.049995
train,79.59416666666667,71.62341
train,139.8736111111111,42.50849
train,212.86388888888888,41.58383
train,26.211388888888887,68.9831
train,42.085,60.02079
train,76.79583333333333,34.707424
train,316.90722222222223,39.243515
train,100.1775,62.887123
train,2.371111111111111,56.826077
train,11.673055555555555,50.514107
train,145.29166666666666,54.981487
train,39.83861111111111,69.85006
train,333.7894444444444,50.011284
train,1.8605555555555555,26.17113
train,48.37972222222222,37.645557
train,26.235,41.772797
train,312.0422222222222,45.600506
train,11.523888888888889,61.18635
train,141.74972222222223,78.73563
train,40.419444444444444,69.77509
train,293.0877777777778,30.251106
train,2.2111111111111112,34.120358
train,264.385,28.100878
train,21.073888888888888,34.020737
train,115.43777777777778,37.130787
train,47.37861111111111,29.29744
train,106.96777777777778,71.02562
train,35.2725,34.240635
train,9.784722222222221,49.130196
train,271.74694444444447,35.74684
train,44.75055555555556,70.70737
train,196.56694444444443,51.09167
train,233.8311111111111,35.47724
train,5.456666666666667,50.709217
train,89.28777777777778,34.60817
train,92.75861111111111,67.63867
train,42.761944444444445,40.15663
train,2.118888888888889,34.241055
train,148.7686111111111,65.89974
train,260.83416666666665,66.88541
train,210.91666666666666,55.031296
train,27.95888888888889,42.215267
train,6.279722222222222,24.22958
train,139.8636111111111,42.204987
train,145.2927777777778,80.60381
train,78.63388888888889,69.29803
train,110.9563888888889,32.373024
train,29.654722222222222,53.442554
train,51.88333333333333,42.089104
train,71.5325,36.065605
train,128.96833333333333,30.541811
train,1.5061111111111112,31.86269
train,9.086666666666666,22.766205
train,317.96805555555557,33.392185
train,289.28222222222223,76.02893
train,334.88166666666666,47.328327
train,174.40277777777777,43.864937
train,16.085555555555555,58.02097
train,261.4088888888889,65.15572
train,252.3438888888889,62.603924
train,72.01027777777777,73.79358
train,22.29722222222222,28.447004
train,119.25777777777778,50.970608
train,327.22027777777777,56.55119
train,25.940555555555555,47.875874
train,40.62388888888889,30.125446
train,264.0961111111111,64.8576
train,28.6375,49.496178
train,162.64083333333335,36.08096
train,19.30638888888889,22.4765
train,7.169722222222222,52.552032
train,47.01361111111111,74.85391
train,117.27277777777778,31.994316
train,196.48194444444445,57.677776
train,70.20694444444445,49.18792
train,52.25666666666667,28.218689
train,34.37166666666667,64.12516
train,44.48027777777778,71.82635
train,3.311111111111111,35.531628
train,45.545833333333334,59.230904
train,55.846944444444446,31.821392
train,1.8691666666666666,34.480408
train,314.84472222222223,48.046947
train,243.85611111111112,41.944874
train,40.73583333333333,35.28034
train,150.515,19.841677
train,95.97805555555556,58.716064
train,43.97416666666667,33.48908
train,287.20722222222224,41.310608
train,120.00194444444445,77.66562
train,223.76527777777778,29.341953
train,18.783333333333335,49.289036
train,21.498055555555556,36.46506
train,293.3436111111111,44.345276
train,60.842777777777776,57.949894
train,71.05666666666667,40.773987
train,32.45,52.85632
train,96.50444444444445,32.71287
train,300.5511111111111,46.381012
train,14.941666666666666,21.226404
train,14.385277777777778,24.494402
train,292.43111111111114,57.26222
train,51.28722222222222,58.336594
train,127.92805555555556,69.26646
train,1.1980555555555557,36.865776
train,108.98666666666666,56.30323
train,65.71722222222222,31.443436
train,143.7213888888889,50.122555
train,67.68638888888889,75.37881
train,199.48888888888888,51.13481
train,8.267222222222221,26.724405
train,30.400555555555556,43.084763
train,51.71666666666667,34.795723
train,3.6766666666666667,68.59034
train,22.554444444444446,34.12951
train,66.38916666666667,33.825844
train,115.31388888888888,39.13396
train,13.028611111111111,61.75653
train,16.385555555555555,48.248455
train,23.006944444444443,68.661415
train,205.38,42.676865
train,23.39138888888889,24.257614
train,9.005555555555556,44.09917
train,26.755555555555556,24.913872
train,23.165555555555557,61.480995
train,19.156944444444445,46.293015
train,144.95083333333332,30.727932
train,2.6666666666666665,51.935352
train,185.1575,71.52644
train,21.409444444444443,25.897028
train,307.7088888888889,54.149014
train,64.7611111111111,44.681652
train,4.021388888888889,29.927622
train,8.31611111111111,63.738297
train,100.62583333333333,44.492493
train,73.82694444444445,40.533173
train,111.88361111111111,45.697254
train,2.921111111111111,59.91404
train,21.175555555555555,25.026419
train,62.66138888888889,43.293568
train,12.776388888888889,46.791542
train,2.6838888888888888,66.47381
train,107.63555555555556,53.167725
train,30.5975,36.05563
train,225.9986111111111,77.059654
train,53.973055555555554,38.71952
train,240.3113888888889,57.134033
train,194.42222222222222,18.150826
train,1.0516666666666667,29.031982
train,19.0125,47.61353
train,135.70055555555555,52.700024
train,49.348055555555554,45.43915
train,109.40444444444445,31.541466
train,19.636944444444445,66.51697
train,60.48722222222222,49.713192
train,74.6463888888889,35.127636
train,221.00694444444446,53.58653
train,82.4925,83.36676
train,41.64861111111111,23.56724
train,170.97333333333333,51.994778
train,63.10777777777778,26.393816
train,22.211666666666666,48.86859
train,96.73444444444445,35.5194
train,97.83222222222223,49.127373
train,239.40222222222224,79.03274
train,2.9030555555555555,36.607132
train,273.27972222222223,60.515045
train,217.66,49.595165
train,123.30361111111111,65.324104
train,162.48194444444445,31.343143
train,117.56222222222222,24.482351
train,219.42111111111112,61.294945
train,127.87027777777777,82.44754
train,111.0188888888889,66.39005
train,4.516944444444444,45.111023
train,52.26083333333333,49.405052
train,283.2966666666667,57.98262
train,1.696388888888889,59.174118
train,42.4025,73.417984
train,4.774444444444445,38.825916
train,186.96333333333334,66.96803
train,19.451666666666668,36.40571
train,172.8425,85.184395
train,157.9575,51.28974
train,94.68222222222222,41.36641
train,11.890555555555556,66.34883
train,287.545,51.444923
train,18.22972222222222,67.76315
train,250.17083333333332,45.308002
train,98.95972222222223,75.246864
train,42.17333333333333,42.663483
train,172.56722222222223,73.282555
train,37.005,71.59122
train,153.11833333333334,64.14355
train,5.894444444444445,38.711956
train,27.795833333333334,44.85886
train,190.23944444444444,56.323727
train,113.12305555555555,33.952114
train,180.71055555555554,34.66587
train,23.52138888888889,34.11305
train,260.18611111111113,44.24133
train,155.445,68.99291
train,312.4863888888889,44.24916
train,6.098611111111111,64.35238
train,1.6141666666666667,28.764496
train,74.90333333333334,28.722366
train,313.9477777777778,82.745544
train,100.06472222222222,51.563442
train,20.861666666666668,57.46861
train,173.93083333333334,71.404434
train,230.49805555555557,76.71945
train,7.578333333333333,41.52917
train,25.45777777777778,31.185364
train,20.425833333333333,33.95893
train,36.36694444444444,70.52937
train,149.27555555555554,73.53407
train,160.17333333333335,63.12864
train,90.85027777777778,66.75663
train,1.5180555555555555,46.249554
train,284.8986111111111,39.301605
train,34.210277777777776,62.539448
train,75.79972222222223,68.09605
train,73.9486111111111,34.775852
train,62.32194444444445,70.528015
train,22.910555555555554,64.18233
train,76.79972222222223,69.62642
train,183.175,48.308643
train,86.01694444444445,69.41253
train,42.95805555555555,28.20591
train,143.17194444444445,34.547234
train,49.103611111111114,31.377083
train,100.97833333333334,79.922874
train,40.829166666666666,39.07799
train,150.2925,63.286346
train,69.73305555555555,46.432064
train,13.881388888888889,27.458498
train,17.549444444444443,42.69533
train,94.2925,43.934895
train,59.81055555555555,47.957954
train,50.16638888888889,38.6336
train,20.232222222222223,52.828926
train,23.953333333333333,66.596825
train,141.14388888888888,34.272957
train,29.387777777777778,44.149372
train,176.68277777777777,33.61587
train,86.40555555555555,33.42675
train,197.37916666666666,45.420906
train,23.98361111111111,40.086414
train,31.52861111111111,50.4833
train,22.246111111111112,73.83368
train,66.29916666666666,50.78356
train,7.187222222222222,49.091175
train,2.9055555555555554,45.607895
train,107.80944444444444,58.586273
train,14.409722222222221,42.193027
train,96.71972222222222,85.19504
train,37.03277777777778,40.157288
train,196.15722222222223,82.7182
train,24.064444444444444,56.535465
train,7.22,40.660362
train,23.639444444444443,60.7619
train,18.639722222222222,54.34942
train,6.3661111111111115,71.65317
train,22.4525,27.640093
train,156.5375,42.821514
train,6.3133333333333335,53.19348
train,306.04083333333335,61.13676
train,58.352777777777774,54.661278
train,59.7325,48.553684
train,20.0675,51.606583
train,114.86944444444444,88.14956
train,184.2161111111111,53.33055
train,184.69444444444446,40.509117
train,4.839166666666666,62.987976
train,1.1975,38.0745
train,26.525277777777777,40.78645
train,198.60222222222222,53.065098
train,60.69972222222222,52.17825
train,305.32444444444445,40.5145
train,51.17138888888889,48.51783
train,10.883611111111112,22.506924
train,15.159166666666666,63.32305
train,27.6075,54.872974
train,14.869166666666667,39.831238
train,23.775277777777777,36.96488
train,249.24305555555554,42.754868
train,15.886666666666667,86.5244
train,44.09361111111111,73.54918
train,2.1055555555555556,24.674362
train,22.735833333333332,37.40607
train,311.8725,61.812847
train,27.280555555555555,42.859142
train,329.88166666666666,68.96352
train,13.914444444444445,41.673504
train,30.53611111111111,32.921032
train,3.881666666666667,58.19295
train,68.30555555555556,49.035503
train,38.96138888888889,73.36293
train,18.930833333333332,53.930393
train,25.9125,47.93211
train,266.7575,54.184395
train,43.91722222222222,78.92382
train,127.70111111111112,40.634705
train,105.33666666666667,36.69031
train,19.039166666666667,35.619457
train,83.69722222222222,59.735844
train,332.14416666666665,77.369095
train,53.26833333333333,57.929012
train,176.93583333333333,57.76371
train,151.18027777777777,32.82429
train,187.3625,51.14836
train,6.547777777777778,41.983624
train,71.2911111111111,28.957216
train,67.98166666666667,75.37505
train,6.8825,76.782364
train,178.98944444444444,43.529945
train,265.76194444444445,67.10871
train,148.48,66.10351
train,267.96555555555557,44.92441
train,63.68888888888889,54.27135
train,21.904166666666665,36.907047
train,184.22666666666666,32.673077
train,36.50944444444445,26.57527
train,266.15277777777777,53.755756
train,21.211944444444445,35.496883
train,334.86333333333334,58.504105
train,116.15472222222222,62.259415
train,11.948333333333334,51.859745
train,28.851944444444445,32.83772
train,1.2238888888888888,40.241135
train,213.00277777777777,60.56226
train,9.375,44.949875
train,31.200833333333332,60.103306
train,64.48361111111112,53.03019
train,47.08861111111111,31.933422
train,57.87361111111111,44.22263
train,58.035555555555554,52.554855
train,124.895,39.20622
train,315.1927777777778,36.130104
train,48.54472222222222,52.484356
train,16.587222222222223,33.521187
train,242.44444444444446,42.406105
train,2.443888888888889,51.30296
train,266.38722222222225,32.003338
train,11.023888888888889,44.710056
train,12.364444444444445,22.279064
train,56.20583333333333,49.531525
train,21.5225,41.028744
train,19.79861111111111,60.467808
train,69.49388888888889,40.765373
train,133.42527777777778,68.126366
train,14.85,63.345474
train,243.63444444444445,31.491795
train,27.629722222222224,35.59033
train,21.686944444444446,47.445583
train,267.83805555555557,56.319492
train,5.304444444444444,65.532845
train,193.59,54.846714
train,235.26416666666665,64.9243
train,75.52444444444444,66.92015
train,74.28583333333333,32.228943
train,44.91833333333334,76.59481
train,75.7063888888889,68.026955
train,1.5175,33.3684
train,318.6816666666667,56.39183
train,33.31,62.477398
train,79.46944444444445,45.19041
train,47.172777777777775,68.36403
train,213.35305555555556,49.384254
train,43.53777777777778,51.633545
train,2.1302777777777777,26.113897
train,58.61083333333333,45.26591
train,151.89444444444445,63.32875
train,112.12166666666667,49.511494
train,40.23138888888889,61.62112
train,172.15777777777777,58.09757
train,15.039722222222222,28.141521
train,82.41694444444444,50.824913
train,41.996944444444445,27.67898
train,164.48388888888888,45.06447
train,179.69972222222222,62.119247
train,1.5297222222222222,28.900618
train,74.6175,67.81967
train,2.2422222222222223,52.853855
train,213.32916666666668,53.058487
train,164.8411111111111,22.77915
train,104.87277777777778,39.14257
train,8.557777777777778,57.39784
train,134.63166666666666,60.73829
train,15.624722222222223,45.076847
train,21.47833333333333,29.361427
train,185.16166666666666,53.341366
train,69.705,57.55577
train,24.34888888888889,64.42262
train,21.094444444444445,38.89099
train,71.43916666666667,57.221863
train,52.5525,32.6757
train,77.63666666666667,72.01478
train,3.6033333333333335,63.012787
train,51.4825,62.825405
train,225.34083333333334,38.892303
train,19.723333333333333,79.84697
train,51.81138888888889,39.12645
train,210.06861111111112,44.58288
train,13.413611111111111,28.78536
train,5.849722222222222,58.41207
train,146.54527777777778,52.656513
train,250.54194444444445,59.838856
train,193.2486111111111,39.349632
train,64.15916666666666,74.69356
train,15.16388888888889,32.602173
train,146.00472222222223,41.855263
train,61.200833333333335,67.460884
train,29.624166666666667,53.297295
train,216.65833333333333,32.727238
train,47.72083333333333,58.348564
train,203.10972222222222,55.64735
train,81.75805555555556,66.87
train,263.7497222222222,72.45513
train,5.331666666666667,31.317883
train,20.537222222222223,32.843616
train,19.16777777777778,65.295425
train,61.83972222222222,45.216938
train,161.43555555555557,27.770552
train,123.61444444444444,28.783108
train,15.705833333333333,58.440975
train,2.2466666666666666,28.190804
train,3.5775,36.045685
train,7.4447222222222225,70.97872
train,124.43194444444444,53.202965
train,251.61694444444444,34.101547
train,92.58027777777778,75.936134
train,278.29333333333335,50.07717
train,111.34944444444444,23.492277
train,7.991666666666666,33.26417
train,138.1586111111111,63.667892
train,69.05805555555555,41.67742
train,50.330555555555556,55.64065
train,261.7522222222222,64.93907
train,6.628888888888889,58.292725
train,8.544444444444444,45.070015
train,110.54055555555556,66.790665
train,1.7555555555555555,64.40382
train,222.91055555555556,39.082417
train,175.96472222222224,36.336693
train,16.970277777777778,27.053358
train,300.185,72.009445
train,316.21666666666664,59.277847
train,102.78666666666666,35.247093
train,17.705833333333334,26.339941
train,131.50611111111112,23.99888
train,14.905833333333334,35.996696
train,165.08055555555555,81.9908
train,53.79972222222222,66.05678
train,57.19555555555556,59.950882
train,13.830555555555556,24.319777
train,1.4047222222222222,51.07625
train,169.0038888888889,55.745296
train,32.27361111111111,30.466503
train,58.47388888888889,61.10237
train,87.8675,32.012177
train,163.67361111111111,52.012848
train,54.794444444444444,28.931337
train,40.53111111111111,29.773066
train,45.78611111111111,35.680187
train,61.33638888888889,63.682907
train,5.78,51.355896
train,259.58916666666664,63.946075
train,19.386944444444445,60.467045
train,51.249722222222225,65.251465
train,23.195833333333333,66.5579
train,101.5025,69.93321
train,1.5294444444444444,44.02531
train,15.927222222222222,81.92656
train,266.6558333333333,50.14394
train,110.82722222222222,47.23694
train,15.339166666666667,74.41992
train,165.7422222222222,30.80441
train,123.58083333333333,67.099945
train,56.643055555555556,71.09049
train,68.58972222222222,51.6643
train,169.715,63.834526
train,10.846111111111112,26.107222
train,5.958611111111111,63.164886
train,68.28111111111112,55.57409
train,40.91555555555556,40.080704
train,96.10527777777777,67.11771
train,197.53083333333333,70.761444
train,113.01833333333333,73.915085
train,14.803333333333333,27.60051
train,98.4475,37.095757
train,45.215833333333336,40.54701
train,42.20916666666667,37.526707
train,2.500277777777778,51.22828
train,70.22611111111111,35.163002
train,28.898333333333333,42.95743
train,1.8583333333333334,33.060932
train,33.218333333333334,30.174486
train,1.0347222222222223,31.88411
train,138.4625,67.21379
train,207.65722222222223,40.192974
train,65.75222222222222,64.271965
train,148.00055555555556,69.67453
train,37.36361111111111,39.30874
train,320.7572222222222,86.49599
train,56.50944444444445,34.969948
train,16.767222222222223,43.72713
train,112.5325,52.131096
train,240.18083333333334,70.85287
train,1.3097222222222222,53.46533
train,38.956944444444446,42.049324
train,194.80583333333334,38.150043
train,3.602777777777778,64.45233
train,103.38333333333334,67.169014
train,64.45944444444444,48.45795
train,173.5311111111111,48.215836
train,24.023611111111112,43.317734
train,28.810555555555556,32.06858
train,57.646388888888886,52.46494
train,87.32777777777778,26.18766
train,63.19166666666667,30.0159
train,28.2075,55.02622
train,269.0825,24.507656
train,142.0363888888889,58.52405
train,214.22666666666666,77.10191
train,52.573055555555555,47.38031
train,8.591388888888888,33.501324
train,111.55694444444444,60.11027
train,23.613055555555555,26.979582
train,105.29888888888888,40.57499
train,7.573333333333333,35.92693
train,137.02055555555555,67.60821
train,31.522222222222222,37.197464
train,41.00277777777778,36.76425
train,311.0777777777778,36.885113
train,276.3911111111111,59.470734
train,58.03666666666667,76.155495
train,49.06527777777778,53.82065
train,53.61,50.752213
train,7.875555555555556,39.55855
train,3.15,50.7437
train,76.64277777777778,47.940765
train,10.682777777777778,48.118435
train,19.133333333333333,58.609634
train,70.37805555555556,47.417294
train,7.0216666666666665,20.43061
train,106.60555555555555,43.121555
train,65.29138888888889,52.307667
train,24.735833333333332,35.80174
train,6.2363888888888885,40.873783
train,15.567222222222222,38.757267
train,8.890555555555556,52.64661
train,65.55055555555556,36.253483
train,26.10611111111111,58.658287
train,53.173611111111114,45.252224
train,242.12222222222223,61.351143
train,88.70083333333334,71.17218
train,3.7752777777777777,43.716873
train,251.19611111111112,67.02435
train,138.0613888888889,69.9593
train,42.34027777777778,79.861855
train,217.42777777777778,23.241932
train,5.041388888888889,33.120827
train,13.295555555555556,72.513084
train,4.4302777777777775,47.473
train,200.6063888888889,60.106365
train,262.15944444444443,57.813354
train,10.716666666666667,40.78776
train,41.706944444444446,37.59785
train,17.25583333333333,27.150099
train,1.2927777777777778,31.00035
train,316.6094444444444,80.255905
train,58.21277777777778,53.82499
train,78.0213888888889,74.58049
train,285.9863888888889,75.230865
train,296.125,51.539513
train,7.604166666666667,63.379295
train,15.857222222222223,47.2631
train,55.19555555555556,28.325916
train,33.33111111111111,52.90348
train,66.11027777777778,68.97376
train,7.635555555555555,34.2435
train,85.27805555555555,42.25478
train,211.11166666666668,51.08904
train,4.696111111111111,41.723843
train,25.86888888888889,65.084465
train,15.679722222222223,29.505697
train,28.13138888888889,65.5655
train,102.185,46.767338
train,120.09916666666666,67.993256
train,99.88361111111111,24.44914
train,251.91583333333332,70.77856
train,1.031111111111111,37.855305
train,46.028055555555554,39.178593
train,48.242222222222225,57.696384
train,33.85194444444444,52.689873
train,32.75805555555556,38.81737
train,36.39277777777778,24.36707
train,47.2625,61.03421
train,21.02777777777778,64.69992
train,116.8711111111111,37.597057
train,166.07444444444445,59.479702
train,175.215,74.66743
train,30.96361111111111,58.80226
train,261.1641666666667,82.63006
train,75.57611111111112,44.41985
train,19.83388888888889,40.6207
train,66.89805555555556,42.457504
train,30.069166666666668,42.776466
train,19.44361111111111,30.239067
train,292.37361111111113,54.647717
train,117.73138888888889,46.99196
train,26.138055555555557,31.727009
train,164.68055555555554,45.596085
train,204.9338888888889,29.393063
train,117.45194444444445,42.593925
train,296.2675,75.70726
train,125.17861111111111,25.375277
train,317.47055555555556,81.682625
train,23.749166666666667,55.3062
train,298.3625,64.30979
train,22.039444444444445,72.02351
train,168.52416666666667,47.052227
train,88.57416666666667,51.447975
train,44.00861111111111,32.18033
train,122.5325,85.31291
train,293.90416666666664,76.35022
train,233.6038888888889,40.800198
train,103.79611111111112,59.627914
train,27.280277777777776,29.007635
train,21.324166666666667,80.71249
train,58.99333333333333,40.135902
train,8.92388888888889,34.41985
train,202.5861111111111,53.77725
train,25.601666666666667,60.622673
train,21.127777777777776,49.015896
train,112.3925,53.03382
train,157.52416666666667,27.09181
train,169.31194444444444,24.786743
train,78.72111111111111,61.366245
train,54.23,58.132774
train,100.465,63.888252
train,23.84027777777778,52.930115
train,233.45194444444445,42.24063
train,169.18694444444444,74.89027
train,4.947777777777778,43.745552
train,3.573888888888889,47.905365
train,62.62694444444445,52.916115
train,105.96166666666667,61.089256
train,65.77444444444444,71.095375
train,11.094166666666666,57.042824
train,314.6716666666667,72.94601
train,121.15277777777777,37.133057
train,119.63638888888889,59.725273
train,41.884166666666665,21.34676
train,127.70222222222222,52.92172
train,53.76694444444445,35.288208
train,193.21916666666667,51.095856
train,164.37277777777777,43.434708
train,141.83166666666668,46.6431
train,141.3175,22.13493
train,244.815,71.04279
train,49.56583333333333,54.67049
train,322.1772222222222,54.142414
train,217.77805555555557,55.233513
train,44.164722222222224,45.10535
train,26.050833333333333,79.51504
train,177.66444444444446,55.11247
train,3.561111111111111,68.65218
train,4.554444444444444,44.630394
train,24.90888888888889,24.278658
train,38.575,23.382421
train,169.93027777777777,31.611725
train,70.43166666666667,54.295235
train,66.79777777777778,41.293148
train,62.734722222222224,28.653206
train,168.695,58.968826
train,46.88638888888889,50.01374
train,20.645,76.24823
train,10.039722222222222,49.566692
train,324.9075,31.413761
train,22.2375,38.017223
train,28.628611111111113,74.69623
train,43.61527777777778,70.37129
train,7.8,46.788754
train,275.5138888888889,52.28101
train,61.346944444444446,65.81137
train,154.24666666666667,27.027407
train,23.89611111111111,49.366646
train,61.040277777777774,59.963
train,214.7538888888889,52.793377
train,79.86694444444444,61.84781
train,15.4125,88.150154
train,60.001666666666665,60.320087
train,280.8808333333333,44.259766
train,21.7725,53.38117
train,17.713333333333335,63.4449
train,296.0802777777778,61.24126
train,31.924166666666668,24.874693
train,21.223055555555554,52.55621
train,330.6038888888889,33.18327
train,319.22305555555556,51.584778
train,17.101944444444445,60.025185
train,33.86472222222222,38.697872
train,9.994444444444444,39.26269
train,17.510277777777777,60.88932
train,15.443333333333333,46.82609
train,1.8094444444444444,48.538292
train,86.40305555555555,22.858622
train,115.7475,54.69383
train,120.9961111111111,68.79758
train,20.18722222222222,37.383102
train,211.26777777777778,73.91301
train,9.842777777777778,51.582935
train,80.57472222222222,57.559067
train,24.801111111111112,27.648733
train,21.04861111111111,71.92862
train,277.38666666666666,68.13124
train,29.878611111111113,40.188377
train,30.320833333333333,27.863317
train,2.485,25.850128
train,212.20166666666665,69.54547
train,204.3161111111111,52.956287
train,26.92972222222222,34.616432
train,61.32527777777778,65.253586
train,139.91611111111112,76.15579
train,12.660555555555556,59.11097
train,42.56055555555555,49.684124
train,54.74138888888889,77.081215
train,21.565555555555555,28.81574
train,136.885,55.878525
train,20.005277777777778,51.711555
train,103.03861111111111,43.67068
train,95.53194444444445,81.45569
train,33.89111111111111,66.63555
train,4.783888888888889,41.05333
train,125.40694444444445,55.726765
train,331.8613888888889,61.74597
train,25.879444444444445,24.181564
train,13.811111111111112,31.06728
train,279.58472222222224,73.20258
train,17.05361111111111,43.24573
train,84.45277777777778,40.623985
train,30.626666666666665,53.435925
train,309.3308333333333,74.30199
train,63.893055555555556,71.6159
train,80.41166666666666,66.305626
train,80.59805555555556,48.082554
train,7.677222222222222,41.687138
train,26.87527777777778,50.164146
train,101.66194444444444,78.08072
train,23.62638888888889,57.315693
train,117.29694444444445,52.249477
train,268.41277777777776,61.862885
train,126.20444444444445,86.40446
train,293.5061111111111,38.445072
train,27.4375,79.70153
train,2.2769444444444447,53.221695
train,27.516666666666666,70.98727
train,158.1186111111111,59.49695
train,14.361944444444445,38.956795
train,33.24444444444445,79.462685
train,63.99055555555555,44.5297
train,62.24388888888889,49.30485
train,24.24888888888889,55.727684
train,24.861944444444443,68.15877
train,60.13861111111111,44.264503
train,58.45583333333333,38.199825
train,3.0605555555555557,29.38468
train,193.78222222222223,67.985954
train,156.95777777777778,79.46595
train,228.74527777777777,62.707794
train,278.735,53.329384
train,93.60305555555556,56.820892
train,4.254444444444444,41.409893
train,43.25055555555556,60.37353
train,310.15805555555556,64.92509
train,43.338055555555556,31.43612
train,69.70555555555555,44.986107
train,330.7663888888889,45.125034
train,201.09305555555557,50.097843
train,39.0775,40.220608
train,1.801111111111111,23.536081
train,1.4147222222222222,39.968525
train,76.08027777777778,69.10271
train,7.185277777777777,51.614613
train,334.7597222222222,50.4833
train,100.32638888888889,58.301632
train,4.287222222222222,50.80679
train,279.5286111111111,49.290222
train,72.52416666666667,26.222654
train,24.306944444444444,33.63919
train,32.56194444444444,28.608374
train,53.035,69.85901
train,332.12583333333333,61.889328
train,99.41,63.381508
train,65.43416666666667,76.18335
train,73.77,56.196983
train,171.43555555555557,63.014618
train,23.629722222222224,37.36582
train,16.00638888888889,65.42899
train,72.77777777777777,41.312897
train,112.46388888888889,48.202953
train,222.0211111111111,65.28016
train,99.95333333333333,27.754917
train,5.710555555555556,48.479237
train,21.087222222222223,75.23669
train,20.95611111111111,58.32047
train,9.505555555555556,92.292915
train,94.28416666666666,37.279205
train,21.558333333333334,18.61332
train,142.85444444444445,34.937298
train,4.839722222222222,25.681288
train,167.86638888888888,47.636795
train,19.335555555555555,57.893112
train,33.909166666666664,67.84994
train,25.064722222222223,34.75242
train,147.84777777777776,48.83889
train,54.276666666666664,76.26337
train,72.12666666666667,43.819286
train,12.202777777777778,38.451317
train,36.97833333333333,25.862638
train,23.66,56.785583
train,138.84444444444443,41.549385
train,3.465,37.26154
train,50.130833333333335,34.614445
train,93.11833333333334,35.25986
train,164.48416666666665,35.021732
train,8.259722222222223,20.213184
train,17.409166666666668,57.05301
train,127.07777777777778,75.400665
train,159.93555555555557,33.900734
train,141.8802777777778,79.47362
train,198.44027777777777,51.748577
train,2.850277777777778,37.770016
train,54.20166666666667,53.23148
train,159.87166666666667,45.946617
train,42.37388888888889,52.41641
train,12.511944444444444,35.007812
train,3.263611111111111,49.14938
train,2.5572222222222223,64.51553
train,221.92583333333334,64.1087
train,129.18472222222223,91.26927
train,259.1377777777778,62.467167
train,99.46055555555556,58.176777
train,73.47916666666667,42.51148
train,38.36805555555556,33.873013
train,65.30972222222222,53.559124
train,93.20861111111111,69.81885
train,22.279722222222222,40.60305
train,69.67666666666666,29.017437
train,26.065,57.88699
train,45.32888888888889,44.900265
train,94.36361111111111,46.07458
train,32.11388888888889,33.980724
train,2.4516666666666667,32.07069
train,11.3525,34.906586
train,22.974722222222223,64.61301
train,11.926666666666666,54.48667
train,24.839444444444446,31.492584
train,77.70555555555555,31.587055
train,76.26583333333333,32.43225
train,154.6325,54.31343
train,105.6613888888889,48.6504
train,48.881388888888885,60.30427
train,45.07555555555555,41.88775
train,4.976388888888889,28.627737
train,262.1911111111111,40.20634
train,69.25777777777778,50.131577
train,29.161666666666665,29.451937
train,56.964444444444446,49.9084
train,36.834722222222226,55.653183
train,30.56277777777778,25.544939
train,310.34305555555557,48.67633
train,145.26277777777779,29.71855
train,317.46555555555557,63.94406
train,37.03805555555556,39.4133
train,19.121944444444445,58.961765
train,285.93861111111113,53.51081
train,46.4925,38.427284
train,39.719722222222224,62.531326
train,220.97555555555556,58.370384
train,8.365,36.59862
train,67.00777777777778,55.122746
train,55.20916666666667,47.269554
train,4.91,50.41961
train,330.0516666666667,57.038864
train,66.83527777777778,73.59185
train,151.95055555555555,45.46755
train,165.84333333333333,69.83502
train,117.99555555555555,52.342274
train,9.147777777777778,81.0652
train,107.21944444444445,37.732708
train,121.215,31.479935
train,302.51666666666665,36.769203
train,26.491944444444446,35.71481
train,16.55027777777778,74.75238
train,8.698333333333334,60.198307
train,22.7175,42.98498
train,120.67,48.031956
train,11.831666666666667,50.929214
train,41.74,58.31594
train,4.255277777777778,50.130455
train,4.820833333333334,44.79848
train,35.66638888888889,35.77218
train,165.87055555555557,67.73303
train,71.7786111111111,56.53692
train,2.198611111111111,49.753315
train,156.4175,44.483566
train,97.49055555555556,54.340973
train,140.6886111111111,78.835945
train,9.101666666666667,30.856411
train,17.817222222222224,39.132465
train,16.885555555555555,34.69917
train,13.426666666666666,38.256992
train,93.80666666666667,37.246727
train,84.30555555555556,45.119522
train,53.632777777777775,77.94806
train,44.135555555555555,30.3508
train,54.54222222222222,36.145466
train,325.71555555555557,49.534298
train,191.21055555555554,70.35741
train,44.98138888888889,73.74117
train,16.113333333333333,45.7068
train,145.85694444444445,46.229992
train,15.963055555555556,52.78004
train,161.27833333333334,64.25373
train,2.600277777777778,41.598137
train,10.721944444444444,55.91534
train,125.22277777777778,39.211742
train,204.2288888888889,88.33497
train,7.860555555555556,47.24712
train,96.24666666666667,31.820728
train,246.93138888888888,40.912216
train,63.93361111111111,64.08434
train,5.995555555555556,31.924362
train,16.889722222222222,53.578964
train,145.18166666666667,65.5609
train,28.976111111111113,47.114452
train,43.528888888888886,52.283348
train,328.2319444444444,32.92057
train,148.87555555555556,66.83532
train,71.88944444444445,44.84253
train,101.91,41.569386
train,23.178055555555556,58.736168
train,310.6383333333333,46.776493
train,6.679444444444444,73.33329
train,27.014722222222222,55.512775
train,169.9661111111111,53.87021
train,20.809166666666666,62.792393
train,48.82,28.296312
train,1.4469444444444444,53.057507
train,187.39583333333334,33.803425
train,124.675,31.730839
train,45.614444444444445,43.03855
train,295.2102777777778,70.295815
train,80.18944444444445,20.916164
train,4.893611111111111,57.663284
train,4.704166666666667,49.356583
train,3.327777777777778,46.900883
train,43.66972222222222,46.394737
train,307.28805555555556,51.853115
train,47.81305555555556,68.36122
train,48.965,39.20461
train,110.45527777777778,47.418182
train,119.88222222222223,43.273434
train,173.0311111111111,62.51918
train,332.05361111111114,46.400616
train,163.60833333333332,29.952917
train,6.6425,32.456882
train,10.855833333333333,57.171555
train,177.8736111111111,41.18509
train,102.11444444444444,69.540695
train,239.55916666666667,51.952038
train,51.6375,30.90441
train,135.79083333333332,24.794123
train,113.9336111111111,30.042555
train,96.34388888888888,63.407234
train,169.70277777777778,41.06758
train,181.76777777777778,73.20081
train,196.39222222222222,35.966164
train,31.20777777777778,45.73979
train,21.0575,29.330034
train,77.78805555555556,38.424717
train,10.236944444444445,84.22919
train,49.37027777777778,42.043125
train,264.95194444444445,53.66627
train,295.0686111111111,35.745678
train,292.7733333333333,40.762424
train,8.770555555555555,45.04746
train,25.999444444444446,66.3322
train,177.09583333333333,47.473415
train,68.14777777777778,53.464443
train,193.07305555555556,26.703354
train,19.39361111111111,63.14222
train,150.20694444444445,70.65002
train,23.910833333333333,57.002014
train,210.04444444444445,38.16284
train,34.67027777777778,60.871437
train,192.95527777777778,29.829126
train,3.925,48.056324
train,12.027222222222223,19.794296
train,24.473333333333333,47.869476
train,194.73194444444445,49.29322
train,24.23027777777778,31.796425
train,79.7786111111111,52.31345
train,63.59027777777778,52.765167
train,293.5288888888889,46.06004
train,15.33611111111111,66.942665
train,326.3511111111111,69.940285
train,49.018055555555556,30.636948
train,87.81666666666666,55.672935
train,25.813055555555554,43.2555
train,26.63888888888889,30.382875
train,1.241111111111111,30.197147
train,5.025555555555556,33.767025
train,26.002777777777776,59.519108
train,220.30138888888888,59.34388
train,48.62916666666667,35.98106
train,320.75166666666667,51.167274
train,43.466388888888886,44.31132
train,79.65138888888889,29.968994
train,163.34583333333333,35.24303
train,18.116944444444446,36.40231
train,269.6044444444444,65.39292
train,2.9591666666666665,45.0262
train,25.392222222222223,56.256634
train,83.85444444444444,58.446617
train,83.27277777777778,45.960567
train,56.67888888888889,62.984684
train,196.00222222222223,36.27708
train,7.691666666666666,31.45005
train,92.03222222222222,63.68112
train,49.72277777777778,85.84353
train,70.5925,56.59143
train,240.68666666666667,56.653008
train,55.52361111111111,41.527004
train,23.58111111111111,65.409355
train,42.46361111111111,22.767084
train,10.056111111111111,41.216824
train,240.1675,50.880123
train,5.1866666666666665,26.502829
train,4.640833333333333,48.20725
train,237.92333333333335,80.94102
train,147.96333333333334,31.315033
train,170.28277777777777,54.061855
train,21.545,49.111862
train,39.443333333333335,44.149208
train,97.00916666666667,50.85621
train,228.48888888888888,72.86242
train,2.131666666666667,43.604675
train,42.61972222222222,66.06823
train,7.674166666666666,23.003141
train,252.0088888888889,58.496952
train,5.5008333333333335,26.131157
train,92.92305555555555,72.551476
train,1.4597222222222221,51.722805
train,139.81333333333333,46.845924
train,91.39472222222223,37.32407
train,93.60138888888889,63.149406
train,34.72388888888889,21.060114
train,6.836388888888889,49.63407
train,5.424722222222222,40.90547
train,334.25305555555553,67.1268
train,216.6575,70.69444
train,277.1408333333333,47.73953
train,216.23611111111111,52.4255
train,113.4075,89.80746
train,3.2244444444444444,23.722437
train,7.088333333333333,65.14654
train,82.19222222222223,69.193985
train,87.5225,63.923035
train,75.98833333333333,60.647682
train,124.8561111111111,45.277153
train,51.52027777777778,49.76618
train,10.693055555555556,19.91313
train,32.98916666666667,35.769855
train,317.6477777777778,43.33512
train,3.1255555555555556,31.234898
train,4.248611111111111,49.15408
train,1.1394444444444445,37.36978
train,23.265833333333333,55.494293
train,110.52694444444444,69.98058
train,76.445,65.26066
train,126.30777777777777,48.951736
train,66.98027777777777,49.584515
train,137.6197222222222,31.807037
train,239.75222222222223,75.0361
train,27.280555555555555,30.71701
train,253.99666666666667,53.31792
train,9.283888888888889,66.36801
train,165.82833333333335,81.0097
train,158.70027777777779,72.120415
train,20.508055555555554,72.55632
train,223.37833333333333,40.67914
train,2.61,43.447613
train,3.3841666666666668,27.890821
train,12.064166666666667,29.400846
train,277.31166666666667,77.94245
train,4.163611111111111,53.324593
train,9.648055555555555,29.808178
train,32.867777777777775,54.549915
train,29.494722222222222,38.955853
train,2.7802777777777776,39.370262
train,17.21638888888889,25.553358
train,21.776666666666667,36.304863
train,10.312222222222223,33.578175
train,15.776388888888889,44.92288
train,243.9813888888889,52.2645
train,289.3088888888889,56.49959
train,232.54194444444445,54.006588
train,19.23,38.286034
train,27.139444444444443,24.263697
train,30.703055555555554,28.95089
train,28.31388888888889,45.702087
train,23.579166666666666,57.05362
train,22.016944444444444,50.668316
train,314.0761111111111,51.98634
train,165.53916666666666,56.292492
train,26.39666666666667,70.052376
train,2.6325,27.317207
train,4.416111111111111,37.773464
train,23.703611111111112,34.07353
train,31.664444444444445,48.78547
train,262.4088888888889,39.01218
train,104.975,78.02911
train,57.70527777777778,46.440014
train,171.72222222222223,55.926907
train,4.008055555555556,41.68781
train,271.07055555555553,61.59258
train,49.653888888888886,52.28927
train,226.76083333333332,48.193077
train,32.55416666666667,61.775658
train,106.34083333333334,53.349686
train,2.1686111111111113,56.275967
train,21.619722222222222,23.008905
train,167.49666666666667,23.597067
train,32.280833333333334,38.896492
train,27.825555555555557,31.063915
train,11.009722222222223,25.599861
train,7.856944444444444,34.34563
train,71.56888888888889,36.491493
train,13.383055555555556,32.776897
train,86.08777777777777,62.715538
train,81.9725,76.85688
train,215.62694444444443,69.22087
train,263.34444444444443,43.665962
train,319.00694444444446,70.856606
train,73.98583333333333,41.16475
train,138.1627777777778,54.015636
train,119.99694444444444,72.662285
train,23.923055555555557,42.730984
train,20.684444444444445,55.164078
train,334.99305555555554,56.413452
train,88.61194444444445,38.76155
train,22.816111111111113,52.176247
train,246.37277777777777,69.73262
train,48.940555555555555,41.73921
train,70.1361111111111,67.67557
train,298.12916666666666,53.92366
train,30.869722222222222,78.33354
train,56.12361111111111,79.94271
train,99.89611111111111,52.217697
train,151.77333333333334,29.99291
train,139.27333333333334,66.57987
train,189.34916666666666,77.3323
train,42.184444444444445,32.61351
train,18.71388888888889,45.16584
train,33.38111111111111,35.53399
train,18.310833333333335,42.71344
train,325.5661111111111,63.085205
train,11.369722222222222,48.758095
train,15.60388888888889,32.982277
train,54.59638888888889,34.876556
train,198.2788888888889,53.858044
train,6.245555555555556,42.345585
train,29.68888888888889,63.46875
train,187.58416666666668,35.050392
train,26.763055555555557,51.53385
train,11.809166666666666,52.848927
train,333.995,25.484398
train,1.4433333333333334,33.56126
train,258.07166666666666,31.199947
train,25.1475,60.60005
train,55.55,54.70865
train,49.57972222222222,72.6245
train,43.283611111111114,36.473198
train,20.281944444444445,62.209602
train,100.71111111111111,56.348305
train,108.68888888888888,89.16319
train,41.58638888888889,56.328293
train,10.935277777777777,41.897137
train,82.48416666666667,76.75978
train,81.43305555555555,64.473404
train,27.822222222222223,50.391224
train,2.537777777777778,55.202656
train,30.5825,33.01942
train,6.145,46.846996
train,4.7877777777777775,51.228306
train,2.566388888888889,38.711994
train,11.415833333333333,23.757751
train,107.47916666666667,49.37623
train,48.23833333333334,24.722252
train,266.68888888888887,62.158627
train,12.660277777777777,64.286224
train,32.14361111111111,65.26913
train,8.540555555555555,37.72938
train,139.455,36.455746
train,36.85027777777778,42.140068
train,198.60833333333332,62.17947
train,31.549722222222222,46.52373
train,48.348333333333336,29.591904
train,2.3297222222222222,29.972649
train,16.799444444444443,77.74875
train,329.2938888888889,70.931305
train,9.199444444444444,49.903984
train,67.07722222222222,35.744835
train,103.16888888888889,23.011528
train,229.65666666666667,64.42465
train,28.44638888888889,29.727148
train,42.86555555555555,53.194542
train,192.01833333333335,56.630524
train,112.48583333333333,46.75235
train,13.423055555555555,55.00715
train,104.98277777777778,83.88574
train,48.68388888888889,74.57202
train,28.496111111111112,38.327606
train,71.0338888888889,69.80328
train,21.29361111111111,57.95144
train,194.3527777777778,27.399605
train,1.4044444444444444,51.58633
train,28.447222222222223,47.75523
train,50.96944444444444,34.914856
train,12.03,40.74608
train,1.2477777777777779,30.993713
train,71.49861111111112,51.320942
train,36.54472222222222,37.498756
train,50.579166666666666,36.178017
train,21.644166666666667,37.3843
train,10.562777777777777,59.223953
train,2.9452777777777777,39.495193
train,136.90083333333334,65.30665
train,2.0877777777777777,24.205296
train,44.170833333333334,54.42617
train,122.2575,43.803837
train,50.422777777777775,69.01208
train,170.05666666666667,66.43081
train,133.45694444444445,45.57456
train,3.7622222222222224,53.952793
train,79.59833333333333,56.311565
train,22.853055555555557,57.5117
train,4.056388888888889,31.269245
train,1.0680555555555555,21.931902
train,59.420833333333334,53.99586
train,41.217777777777776,57.11239
train,23.914166666666667,40.415302
train,178.22305555555556,32.99804
train,195.26166666666666,67.46627
train,150.37555555555556,57.482635
train,307.0913888888889,52.463627
train,22.38861111111111,43.10176
train,273.43611111111113,76.212944
train,288.9172222222222,56.935535
train,69.04611111111112,48.64371
train,219.30305555555555,62.57248
train,38.52972222222222,39.04694
train,118.81722222222223,73.88544
train,196.015,54.699352
train,33.66638888888889,41.800533
train,28.866944444444446,56.225193
train,167.96027777777778,56.09638
train,6.850555555555555,52.77326
train,237.36527777777778,62.51167
train,25.607777777777777,62.27091
train,1.4419444444444445,32.426083
train,335.9772222222222,63.800743
train,143.30416666666667,25.674984
train,285.4691666666667,53.3472
train,19.315555555555555,78.5745
train,44.79416666666667,38.279945
train,48.64555555555555,27.654375
train,64.89083333333333,71.91784
train,7.145277777777777,40.046436
train,51.375,36.69017
train,124.51583333333333,41.200832
train,54.19555555555556,31.52493
train,6.171666666666667,52.364178
train,216.89888888888888,54.23452
train,315.405,63.91205
train,23.150555555555556,37.53055
train,47.083888888888886,51.304504
train,77.39888888888889,71.53343
train,18.38722222222222,68.069885
train,41.522777777777776,46.1125
train,13.276388888888889,72.44245
train,1.9425,28.758848
train,234.26583333333335,72.608246
train,214.77166666666668,61.965004
train,310.3544444444444,84.475174
train,19.604166666666668,34.00658
train,216.69555555555556,62.460567
train,21.51972222222222,22.09508
train,26.425833333333333,58.22892
train,40.69027777777778,48.10957
train,2.827777777777778,18.87742
train,6.98,35.440834
train,285.65972222222223,32.79756
train,91.45277777777778,24.122274
train,249.9597222222222,42.464127
train,25.08222222222222,37.361538
train,141.41972222222222,36.20845
train,33.75277777777778,56.95974
train,3.7866666666666666,56.91457
train,135.4427777777778,40.254547
train,18.6125,52.841198
train,14.159722222222221,62.96406
train,46.63527777777778,65.05397
train,19.52888888888889,25.277548
train,155.43694444444444,53.066273
train,48.94111111111111,58.295864
train,201.785,63.739037
train,23.7175,63.61222
train,20.053333333333335,28.979723
train,8.401944444444444,47.39757
train,25.933055555555555,43.9004
train,140.49944444444444,39.991066
train,40.179722222222225,64.1836
train,9.146944444444445,58.91169
train,245.50333333333333,68.42577
train,19.12638888888889,68.783
train,11.378333333333334,35.47144
train,2.730277777777778,43.078247
train,321.48083333333335,43.020473
train,147.76222222222222,40.855267
train,84.76555555555555,25.369354
train,96.8013888888889,41.109837
train,33.471666666666664,50.258335
train,93.65027777777777,49.21721
train,97.04611111111112,56.86367
train,3.3844444444444446,49.308548
train,57.413333333333334,78.043625
train,204.8925,50.141342
train,25.985277777777778,33.886517
train,79.0875,48.666134
train,17.519166666666667,59.66979
train,1.2538888888888888,22.896791
train,210.65416666666667,70.57779
train,51.08777777777778,60.266777
train,26.8175,64.681786
train,309.67055555555555,72.93857
train,77.28,84.00519
train,17.557222222222222,23.485102
train,34.45583333333333,56.439247
train,82.21972222222222,33.26771
train,12.6175,49.620045
train,28.6425,48.92471
train,119.865,52.241024
train,5.113888888888889,22.230368
train,29.015555555555554,35.702457
train,317.6513888888889,73.967865
train,102.2025,54.75021
train,34.659166666666664,62.62749
train,41.17916666666667,47.648483
train,5.019722222222223,70.33819
train,320.8302777777778,70.938675
train,15.045555555555556,61.405216
train,9.425555555555556,43.16326
train,67.43,63.218636
train,76.59416666666667,59.690563
train,35.646388888888886,25.978266
train,37.59638888888889,77.35318
train,65.26277777777777,46.885525
train,222.9311111111111,31.334568
train,144.25722222222223,41.675518
train,45.65833333333333,60.825047
train,308.2925,64.59543
train,22.601944444444445,25.351152
train,213.8636111111111,85.24564
train,45.983333333333334,55.18674
train,3.6319444444444446,50.029373
train,168.00972222222222,59.666985
train,285.2391666666667,60.380028
train,39.7975,48.374157
train,69.495,31.291397
train,254.45222222222222,70.77185
train,6.8213888888888885,44.949833
train,7.0280555555555555,30.529984
train,142.02083333333334,62.008194
train,106.11333333333333,76.0481
train,261.07166666666666,53.60729
train,300.26666666666665,74.50135
train,64.52694444444444,22.259502
train,70.64194444444445,73.79786
train,231.75611111111112,55.924515
train,33.486666666666665,41.694996
train,209.07611111111112,44.51919
train,1.5908333333333333,26.480675
train,4.5472222222222225,41.000954
train,71.06333333333333,60.007668
train,244.1286111111111,46.36293
train,4.759166666666666,26.76138
train,68.37055555555555,61.438316
train,30.751666666666665,71.85952
train,8.560277777777777,71.60482
train,6.556666666666667,32.70911
train,55.859722222222224,64.91474
train,32.97944444444445,64.197
train,49.87,38.191044
train,84.97777777777777,28.173737
train,21.933611111111112,31.581158
train,33.84166666666667,39.837135
train,85.16583333333334,66.070885
train,6.133611111111111,29.59768
train,27.260833333333334,55.731552
train,26.549444444444443,58.141544
train,196.455,45.91531
train,220.14805555555554,64.65823
train,76.92166666666667,66.97727
train,52.797222222222224,49.03732
train,32.90361111111111,60.243965
train,9.693055555555556,60.570213
train,26.115277777777777,62.380764
train,190.46805555555557,79.32809
train,2.9133333333333336,55.315945
train,301.45916666666665,65.24575
train,54.39416666666666,45.833103
train,14.626944444444444,40.263657
train,22.969722222222224,44.68222
train,99.22305555555556,39.378857
train,3.0194444444444444,43.40851
train,276.9822222222222,49.453506
train,53.959722222222226,84.631256
train,99.05194444444444,68.01043
train,25.68888888888889,54.03319
train,15.661388888888888,75.49281
train,10.448333333333334,71.42249
train,85.68833333333333,82.52433
train,178.86444444444444,74.09552
train,43.92527777777778,75.89762
train,12.479444444444445,60.329006
train,140.71194444444444,43.480583
train,328.4691666666667,23.404696
train,23.674722222222222,70.63915
train,43.66722222222222,34.928223
train,42.72555555555556,60.87551
train,19.73111111111111,54.799118
train,84.90583333333333,38.67939
train,14.719166666666666,39.244476
train,16.360555555555557,25.316483
train,74.41027777777778,63.828842
train,58.025,50.099194
train,65.58416666666666,61.5873
train,65.885,42.677624
train,8.20138888888889,61.50391
train,57.83972222222222,77.377846
train,23.39472222222222,38.93883
train,14.175833333333333,61.909782
train,99.94277777777778,72.2202
train,44.829166666666666,57.31494
train,82.57472222222222,43.874992
train,288.25305555555553,34.727913
train,5.126388888888889,40.345356
train,211.39,72.85854
train,149.57611111111112,72.35247
train,269.92055555555555,27.822166
train,30.05638888888889,78.26846
train,311.7897222222222,59.6154
train,42.90083333333333,75.315025
train,2.1552777777777776,55.485485
train,58.89527777777778,70.25961
train,84.81611111111111,77.2907
train,19.079722222222223,37.03137
train,2.636111111111111,31.959885
train,55.77861111111111,60.82163
train,151.7552777777778,52.747044
train,45.064166666666665,35.30441
train,267.66333333333336,62.410175
train,193.8488888888889,28.537613
train,220.17361111111111,49.035587
train,105.4088888888889,52.33739
train,226.73444444444445,23.795782
train,12.074444444444444,42.89226
train,76.54833333333333,50.820194
train,68.26027777777777,43.512344
train,8.725833333333334,40.226654
train,172.45916666666668,71.305176
train,197.4802777777778,61.37725
train,21.503888888888888,19.050064
train,19.336944444444445,54.581367
train,10.7725,57.685192
train,5.6930555555555555,28.587162
train,17.751666666666665,77.33809
train,122.86222222222223,56.04421
train,30.555555555555557,65.26126
train,20.27722222222222,67.61426
train,1.1341666666666668,49.46894
train,142.7188888888889,64.632065
train,16.718333333333334,35.824093
train,94.24111111111111,68.907425
train,38.856944444444444,49.161015
train,1.6111111111111112,31.36613
train,75.14277777777778,23.199638
train,25.851111111111113,62.284126
train,19.200277777777778,67.0865
train,179.66444444444446,35.659073
train,327.67833333333334,36.612602
train,60.98861111111111,40.746605
train,42.54638888888889,44.6743
train,191.9813888888889,54.246716
train,91.67722222222223,59.680668
train,17.093055555555555,55.22552
train,175.20555555555555,53.43778
train,44.28777777777778,68.52513
train,76.02666666666667,36.917625
train,76.29472222222222,42.13156
train,242.92,69.75023
train,94.38138888888889,57.137417
train,16.450555555555557,64.01173
train,61.24194444444444,72.4559
train,9.954166666666667,39.754032
train,11.988888888888889,28.038279
train,251.5811111111111,63.895393
train,27.997777777777777,57.022762
train,34.867222222222225,53.378952
train,124.79555555555555,69.29947
train,113.34666666666666,59.67115
train,49.8325,39.808647
train,13.500277777777777,31.7258
train,14.961666666666666,58.74779
train,58.21527777777778,54.11402
train,127.46861111111112,61.38335
train,94.0675,80.936676
train,2.8183333333333334,38.205967
train,24.736666666666668,33.22734
train,30.28,20.482698
train,332.50916666666666,69.948845
train,178.12833333333333,73.13906
train,68.45666666666666,42.922012
train,3.7619444444444445,48.684444
train,42.52388888888889,59.396614
train,145.57722222222222,64.766464
train,12.070555555555556,40.439137
train,5.575,33.677773
train,30.180555555555557,42.835163
train,96.34611111111111,52.63973
train,132.90944444444443,53.419716
train,5.813055555555556,62.151127
train,64.72,83.627686
train,264.9683333333333,35.105713
train,159.04694444444445,81.50886
train,12.158611111111112,29.29569
train,68.10333333333334,61.43123
train,1.1933333333333334,60.09142
train,158.2861111111111,35.51187
train,43.860277777777775,31.57238
train,96.73083333333334,67.89746
train,3.6841666666666666,37.500233
train,59.65472222222222,64.22657
train,37.062222222222225,39.83745
train,114.915,51.00426
train,6.639166666666667,35.389732
train,11.05,49.806427
train,70.13638888888889,49.265575
train,27.68777777777778,54.694016
train,226.1236111111111,70.85609
train,115.85416666666667,65.139915
train,121.64083333333333,41.045662
train,139.3575,29.902723
train,246.0077777777778,34.547028
train,157.64111111111112,57.88654
train,3.8105555555555557,51.84335
train,1.1441666666666668,38.957634
train,105.2088888888889,51.92571
train,53.5,65.28149
train,44.16361111111111,27.406073
train,29.89,60.476044
train,4.214166666666666,33.84074
train,19.129444444444445,66.36005
train,42.56305555555556,84.3676
train,61.388888888888886,56.142624
train,28.627777777777776,64.63535
train,3.7158333333333333,31.617882
train,241.89777777777778,62.582455
train,35.54138888888889,64.47605
train,50.100833333333334,53.880676
train,259.6661111111111,67.01359
train,21.45861111111111,27.558685
train,1.2255555555555555,50.98692
train,13.231111111111112,46.554775
train,80.76388888888889,29.934546
train,253.25916666666666,42.099
train,20.800555555555555,40.77577
train,114.06055555555555,66.82833
train,247.8986111111111,67.95162
train,42.66861111111111,42.029026
train,3.8202777777777777,43.78249
train,71.93861111111111,50.748844
train,220.35194444444446,25.317312
train,11.978333333333333,46.851334
train,99.74083333333333,74.844
train,42.656666666666666,23.376091
train,48.18055555555556,53.507977
train,1.2183333333333333,26.39439
train,144.98305555555555,59.49695
train,188.52527777777777,59.873768
train,167.07083333333333,48.37615
train,143.93277777777777,31.155006
train,240.96305555555554,31.902168
train,20.205277777777777,22.643356
train,152.04416666666665,47.716766
train,4.2780555555555555,22.457958
train,55.10305555555556,60.142944
train,3.1927777777777777,30.351944
train,45.24444444444445,28.355206
train,93.45777777777778,39.923054
train,56.1325,64.52809
train,23.358333333333334,20.57059
train,1.5972222222222223,29.452417
train,176.38194444444446,83.40386
train,19.684444444444445,50.706924
train,7.853055555555556,50.548912
train,158.98722222222221,31.151878
train,48.669444444444444,42.964905
train,27.2725,38.760082
train,22.09111111111111,43.961514
train,114.75888888888889,33.138306
train,192.12222222222223,57.819218
train,1.0361111111111112,34.92144
train,95.86805555555556,41.0779
train,303.6669444444444,45.53549
train,165.4125,41.08052
train,256.8425,77.55444
train,1.6583333333333334,42.849567
train,135.55833333333334,56.48421
train,42.065555555555555,29.747814
train,51.574444444444445,64.63501
train,10.740555555555556,44.66241
train,217.93,53.32116
train,267.0788888888889,62.16974
train,16.372222222222224,71.02081
train,31.050833333333333,62.95656
train,100.705,68.29471
train,55.79638888888889,64.45105
train,290.62694444444446,64.330536
train,99.79833333333333,59.638927
train,45.43333333333333,56.113316
train,106.06833333333333,71.57689
train,3.9694444444444446,42.36141
train,277.5836111111111,74.16366
train,201.82888888888888,34.676476
train,113.40583333333333,41.53185
train,262.00638888888886,57.74522
train,309.0325,56.881855
train,52.27638888888889,61.468544
train,92.56,44.593887
train,34.966388888888886,47.104164
train,2.6783333333333332,29.420458
train,23.54611111111111,53.331844
train,7.426944444444445,48.897766
train,9.265,32.320766
train,7.893055555555556,50.598095
train,124.6775,69.88865
train,27.323055555555555,70.865
train,112.8338888888889,64.85307
train,3.076388888888889,30.397514
train,76.08333333333333,41.79739
train,11.758611111111112,24.330305
train,185.38611111111112,46.703716
train,173.70666666666668,50.04741
train,181.96833333333333,43.57257
train,210.32361111111112,70.82129
train,106.92472222222223,64.925995
train,51.12722222222222,77.85855
train,118.7925,56.12045
train,1.9677777777777778,54.412823
train,79.91111111111111,63.1718
train,21.838333333333335,58.222057
train,113.07527777777777,46.60488
train,121.12388888888889,45.523884
train,118.71055555555556,47.04439
train,71.69361111111111,42.246735
train,6.485555555555556,19.25231
train,17.01888888888889,63.55507
train,54.12722222222222,57.532547
train,28.541666666666668,58.644066
train,22.516944444444444,29.453753
train,291.8566666666667,35.82265
train,121.69805555555556,64.69857
train,18.630555555555556,27.576565
train,78.35472222222222,59.968903
train,39.26111111111111,54.26181
train,5.188888888888889,31.015125
train,2.6644444444444444,29.201828
train,263.19555555555553,40.601562
train,199.57416666666666,55.973747
train,7.9238888888888885,43.695354
train,149.91055555555556,41.23668
train,98.85444444444444,59.905674
train,8.83388888888889,38.94165
train,27.55,68.14931
train,53.41583333333333,65.28559
train,23.9025,33.77742
train,55.529444444444444,73.805565
train,7.820833333333334,36.267803
train,136.03194444444443,35.917377
train,50.966944444444444,69.59296
train,117.38083333333333,66.412
train,220.8788888888889,42.980873
train,11.415555555555555,23.77354
train,86.27916666666667,62.58379
train,70.93444444444444,34.803097
train,55.49027777777778,53.38065
train,72.20694444444445,40.8006
train,8.242222222222223,59.789097
train,80.98611111111111,74.8487
train,8.514444444444445,53.2945
train,25.5125,25.718477
train,4.810277777777777,41.781128
train,3.8361111111111112,27.3293
train,21.20638888888889,36.74003
train,112.82555555555555,40.008766
train,29.283333333333335,35.87757
train,49.87972222222222,51.767384
train,22.03638888888889,47.527718
train,33.78194444444444,60.270546
train,84.84861111111111,41.87146
train,97.90305555555555,63.159958
train,144.30305555555555,45.8874
train,4.961666666666667,25.796394
train,68.91,43.263954
train,37.58416666666667,34.711357
train,18.15138888888889,37.565525
train,95.33916666666667,35.816822
train,260.9975,50.408527
train,6.500277777777778,45.814236
train,16.059444444444445,34.15824
train,46.37916666666667,89.344376
train,29.995555555555555,36.806908
train,36.979166666666664,47.358078
train,24.395,36.58363
train,22.47,61.613148
train,145.88666666666666,52.661194
train,46.547222222222224,44.8519
train,106.33,52.104435
train,152.42083333333332,57.83313
train,32.30277777777778,34.528084
train,62.67472222222222,48.62079
train,117.45916666666666,76.25228
train,33.109722222222224,40.343204
train,70.46305555555556,40.689125
train,33.003055555555555,44.782497
train,99.78416666666666,23.570715
train,11.764722222222222,39.57517
train,145.42472222222221,44.893753
train,148.0413888888889,51.96425
train,76.28916666666667,75.85154
train,52.31611111111111,30.335518
train,329.7363888888889,52.19012
train,27.74277777777778,41.275505
train,188.8161111111111,74.077614
train,248.54583333333332,59.777386
train,5.995833333333334,21.207758
train,42.418055555555554,88.43099
train,301.03472222222223,35.11587
train,5.77,49.195244
train,165.6261111111111,56.05874
train,90.60027777777778,47.858444
train,54.51833333333333,41.60083
train,25.981666666666666,38.759125
train,5.136388888888889,31.956852
train,29.052222222222223,67.51765
train,287.75666666666666,45.589706
train,19.938333333333333,40.287422
train,171.4188888888889,63.54516
train,165.87583333333333,63.24366
train,274.9786111111111,32.132587
train,196.40777777777777,37.2572
train,291.91777777777776,70.80728
train,140.6002777777778,41.192867
train,2.1319444444444446,22.018406
train,11.556111111111111,56.743195
train,10.216666666666667,42.0355
train,69.34611111111111,58.43647
train,4.321111111111111,70.93686
train,17.078055555555554,26.093052
train,67.215,30.304022
train,3.5975,60.58654
train,26.020833333333332,81.84649
train,165.52027777777778,44.628242
train,12.176944444444445,82.37654
train,8.137222222222222,24.527124
train,4.693333333333333,45.56269
train,23.93166666666667,70.32152
train,100.1211111111111,71.1677
train,195.39083333333335,66.63997
train,178.31666666666666,50.379745
train,229.28,59.138206
train,14.2775,78.700615
train,72.39666666666666,68.858475
train,86.86194444444445,54.526585
train,31.64361111111111,76.1257
train,31.572222222222223,49.287224
train,21.494444444444444,46.391224
train,70.63472222222222,45.38846
train,22.560833333333335,68.35163
train,5.7,26.642767
train,71.01805555555555,70.34526
train,19.58416666666667,49.26174
train,148.15194444444444,42.63501
train,131.9463888888889,48.6564
train,96.94361111111111,56.73813
train,3.2575,46.38607
train,81.7325,59.182873
train,7.313888888888889,49.037033
train,25.678333333333335,44.755096
train,209.81472222222223,71.365364
train,73.45055555555555,70.59233
train,251.42138888888888,60.71336
train,97.20361111111112,62.693
train,2.8986111111111112,61.185875
train,23.613611111111112,37.178432
train,220.93,70.40567
train,58.217777777777776,99.07409
train,170.24305555555554,58.16744
train,329.90416666666664,39.094643
train,19.28,30.19163
train,259.17,73.68332
train,53.21944444444444,74.240105
train,139.64527777777778,76.156265
train,202.60861111111112,56.19164
train,41.71111111111111,34.81229
train,1.3033333333333332,23.522478
train,92.22972222222222,81.70214
train,161.2747222222222,50.13428
train,24.950833333333332,34.805027
train,32.44083333333333,36.792496
train,1.3627777777777779,34.455017
train,19.07027777777778,57.191776
train,45.60138888888889,46.37454
train,13.495,65.981804
train,93.91277777777778,61.69803
train,245.94861111111112,62.801517
train,286.85277777777776,79.28646
train,3.0172222222222222,29.75519
train,25.7525,56.605026
train,78.22666666666667,59.945854
train,27.39527777777778,29.463593
train,125.65666666666667,46.168045
train,168.63694444444445,41.237785
train,1.6052777777777778,29.990082
train,136.89444444444445,30.830688
train,174.8175,68.54191
train,54.028055555555554,42.053635
train,2.4891666666666667,57.317974
train,216.24666666666667,36.244503
train,193.1436111111111,29.410046
train,33.513333333333335,48.114548
train,10.198888888888888,45.66421
train,10.769444444444444,48.07673
train,8.328611111111112,29.130066
train,4.028888888888889,30.594225
train,207.98277777777778,76.50754
train,13.04,37.36488
train,1.7302777777777778,38.978073
train,176.4986111111111,40.13541
train,159.79805555555555,62.128487
train,48.2425,53.579163
train,41.39388888888889,69.80831
train,148.64944444444444,53.19543
train,217.3761111111111,53.922195
train,181.845,58.841427
train,220.82083333333333,65.62784
train,47.026944444444446,47.604
train,71.09777777777778,67.38917
train,25.114722222222223,44.534824
train,269.06194444444446,46.3213
train,24.468333333333334,73.91851
train,181.1586111111111,36.038425
train,9.935277777777777,50.95438
train,301.5205555555556,41.269398
train,306.1438888888889,26.859612
train,126.48277777777778,44.638805
train,5.644444444444445,30.84041
train,130.73055555555555,106.12675
train,2.039722222222222,34.984985
train,245.06166666666667,65.938576
train,19.934722222222224,62.427654
train,70.69166666666666,60.03054
train,84.62527777777778,71.2014
train,122.935,56.563347
train,221.2463888888889,29.166588
train,29.64611111111111,48.43245
train,237.52777777777777,64.30849
train,23.818055555555556,37.431187
train,72.38388888888889,39.092194
train,117.45833333333333,35.15406
train,79.60305555555556,24.403534
train,74.26666666666667,41.693092
train,52.735,48.38598
train,161.24555555555557,76.21339
train,76.70972222222223,60.07342
train,24.21472222222222,44.282528
train,53.49944444444444,52.06377
train,198.7447222222222,37.14074
train,114.80527777777777,74.50135
train,269.74305555555554,66.211685
train,58.97,27.270323
train,10.114166666666666,57.82659
train,12.063888888888888,26.322302
train,27.19472222222222,62.575874
train,24.589166666666667,42.638027
train,163.66166666666666,35.89723
train,6.8869444444444445,75.43003
train,17.9675,52.17413
train,98.14111111111112,75.96912
train,22.122777777777777,84.45639
train,144.78083333333333,41.109184
train,165.9338888888889,64.836685
train,71.725,18.328188
train,272.2705555555556,42.74838
train,28.091944444444444,55.66113
train,4.9094444444444445,48.63828
train,136.27138888888888,70.78482
train,170.19833333333332,70.522484
train,8.512777777777778,33.53819
train,19.514444444444443,54.937195
train,52.403055555555554,75.568245
train,25.53527777777778,57.42856
train,78.2925,63.994186
train,73.10833333333333,72.52795
train,51.30583333333333,70.230804
train,7.933611111111111,26.195324
train,143.97611111111112,60.757072
train,194.95027777777779,67.41846
train,34.24305555555556,60.789474
train,214.02972222222223,34.970898
train,8.217222222222222,49.287994
train,197.96722222222223,56.046005
train,67.83611111111111,30.631947
train,152.44722222222222,78.82666
train,49.08305555555555,84.69199
train,8.903333333333334,35.905735
train,23.572222222222223,48.478046
train,195.2075,60.000774
train,215.70222222222222,65.79774
train,33.77361111111111,35.683483
train,155.17388888888888,26.32834
train,127.70722222222223,77.191345
train,18.431944444444444,66.72094
train,10.069166666666666,33.03382
train,170.91166666666666,65.29267
train,256.55333333333334,83.50249
train,4.520277777777777,56.884285
train,168.32222222222222,60.38354
train,81.65222222222222,53.615047
train,51.42138888888889,52.62215
train,2.7125,32.0887
train,1.7155555555555555,23.971373
train,244.55555555555554,74.87583
train,88.86666666666666,45.97712
train,284.79805555555555,68.022804
train,12.322222222222223,35.815216
train,40.19916666666666,60.083904
train,51.59388888888889,19.47601
train,197.41583333333332,64.73508
train,95.5111111111111,29.512585
train,5.258611111111111,53.893814
train,123.16638888888889,54.33113
train,200.72222222222223,72.24737
train,160.83444444444444,51.158245
test,133.75277777777777,58.89558
test,70.80722222222222,73.55117
test,6.069166666666667,46.71608
test,57.36472222222222,57.042686
test,303.87388888888887,57.799
test,1.8708333333333333,46.334335
test,152.30166666666668,82.90795
test,106.52166666666666,68.77355
test,248.29666666666665,39.02907
test,2.165,36.07677
test,17.752777777777776,41.703617
test,13.945833333333333,55.73012
test,4.406666666666666,43.51206
test,35.11944444444445,84.704216
test,285.2836111111111,26.884264
test,2.5441666666666665,78.049614
test,20.465555555555557,48.178642
test,111.24,68.42965
test,45.84444444444444,69.373825
test,125.92388888888888,65.93966
test,317.155,48.669876
test,315.82055555555553,77.211
test,169.1136111111111,47.543247
test,2.3219444444444446,45.335766
test,2.618333333333333,60.181004
test,4.661388888888889,40.608307
test,10.940833333333334,30.710878
test,46.7775,53.55174
test,2.0825,34.4444
test,241.91583333333332,62.966957
test,308.7652777777778,35.750793
test,5.013888888888889,29.116304
test,23.19333333333333,67.790405
test,26.538611111111113,48.860046
test,125.65916666666666,78.55273
test,3.0275,27.628468
test,70.90861111111111,30.931387
test,8.015277777777778,72.7505
test,314.5516666666667,58.079594
test,46.815,37.53265
test,24.855555555555554,52.69972
test,29.0375,48.888775
test,67.82527777777777,47.357075
test,7.480555555555555,59.050407
test,90.93777777777778,72.29988
test,14.120277777777778,32.305126
test,39.83083333333333,24.418736
test,67.77055555555556,30.829004
test,29.971666666666668,25.829056
test,101.7,26.72498
test,51.558055555555555,61.23138
test,111.91472222222222,44.374626
test,32.161944444444444,63.57576
test,306.2972222222222,59.21442
test,85.36361111111111,50.24339
test,269.6383333333333,42.890976
test,90.55194444444444,78.31762
test,69.93722222222222,71.27157
test,9.829166666666667,73.0958
test,120.66972222222222,46.38352
test,140.93138888888888,62.498196
test,3.981388888888889,35.42812
test,6.800833333333333,32.18498
test,76.055,62.8669
test,100.05638888888889,74.37509
test,42.0375,69.428406
test,126.27583333333334,62.690876
test,25.630555555555556,56.50883
test,4.8436111111111115,48.830715
test,306.7872222222222,36.522953
test,308.7675,67.5551
test,27.165,72.49514
test,92.07444444444444,59.58656
test,73.01361111111112,53.579735
test,42.93333333333333,49.628265
test,22.002777777777776,43.483265
test,70.95083333333334,59.00956
test,70.80277777777778,31.365227
test,1.39,41.26184
test,41.26694444444445,29.377205
test,5.746111111111111,61.655766
test,71.92472222222223,53.432213
test,192.78194444444443,48.97382
test,64.91527777777777,71.857506
test,272.69138888888887,42.3037
test,312.75055555555554,35.181614
test,90.15416666666667,74.95884
test,26.963333333333335,35.448128
test,1.365,57.065247
test,90.05444444444444,67.159454
test,189.20833333333334,74.75834
test,230.71416666666667,75.60378
test,48.806111111111115,29.461355
test,1.49,40.679893
test,224.2072222222222,69.415985
test,172.15555555555557,60.950645
test,55.45666666666666,26.385633
test,25.4875,39.53592
test,61.339444444444446,84.5968
test,16.054166666666667,46.154854
test,109.08416666666666,51.99858
test,46.160833333333336,71.78164
test,114.76722222222222,55.301098
test,30.845277777777778,38.418587
test,22.493055555555557,45.566544
test,11.6075,48.047848
test,160.83555555555554,45.503544
test,154.81527777777777,71.81649
test,69.02,56.531624
test,304.8886111111111,64.08912
test,59.00833333333333,63.025246
test,116.79638888888888,48.107418
test,303.845,46.165222
test,6.634722222222222,36.11982
test,184.20944444444444,22.208767
test,128.12694444444443,36.880657
test,146.9013888888889,59.794373
test,37.67805555555555,59.21818
test,295.4322222222222,87.03174
test,168.26166666666666,40.58264
test,89.35527777777777,23.92065
test,159.00861111111112,54.85851
test,22.65361111111111,31.236542
test,56.598055555555554,28.216133
test,39.52166666666667,35.185917
test,49.7475,27.135714
test,16.604166666666668,34.70143
test,315.03305555555556,47.802223
test,53.02972222222222,49.98191
test,13.056111111111111,31.110832
test,3.2088888888888887,41.77973
test,86.52777777777777,40.73532
test,187.30333333333334,67.978096
test,15.996666666666666,28.7637
test,10.878333333333334,45.331436
test,11.481111111111112,25.496119
test,113.48305555555555,39.775757
test,192.4363888888889,63.79895
test,61.91111111111111,34.969433
test,116.50583333333333,57.492844
test,17.80666666666667,40.381035
test,103.54527777777778,59.777706
test,22.766111111111112,66.55819
test,46.493611111111115,67.57893
test,21.258333333333333,70.89715
test,3.237222222222222,29.255817
test,101.17694444444444,32.699226
test,67.98055555555555,52.584526
test,69.14861111111111,42.887646
test,309.51722222222224,41.338943
test,240.6925,46.039814
test,25.720277777777778,56.071987
test,101.6986111111111,59.473934
test,34.422222222222224,43.646362
test,185.90222222222224,43.705776
test,293.4811111111111,50.17386
test,36.96861111111111,29.572449
test,97.16305555555556,58.009937
test,4.498055555555555,24.263119
test,4.460833333333333,30.006762
test,100.12472222222222,61.658787
test,25.426111111111112,41.97681
test,229.50416666666666,26.233437
test,48.68388888888889,52.089878
test,5.2675,62.29348
test,15.445833333333333,51.243176
test,7.873888888888889,36.542423
test,178.08638888888888,29.900742
test,196.6186111111111,44.172543
test,20.184722222222224,56.392952
test,55.91833333333334,67.022736
test,49.05138888888889,63.780975
test,137.94666666666666,41.042313
test,9.655555555555555,39.91002
test,71.66694444444444,78.08894
test,329.85083333333336,45.56412
test,3.9794444444444443,39.98531
test,12.206111111111111,60.876072
test,216.41444444444446,54.928047
test,173.70527777777778,68.38159
test,20.141944444444444,33.09422
test,5.346666666666667,28.99172
test,327.3936111111111,66.790375
test,34.93194444444445,46.561398
test,80.53583333333333,35.906914
test,50.464444444444446,82.24422
test,30.3025,40.913105
test,3.111388888888889,73.28588
test,46.043055555555554,43.61075
test,215.01444444444445,64.638885
test,35.418055555555554,70.7815
test,146.9225,52.284046
test,117.69444444444444,39.336452
test,101.01055555555556,31.394531
test,56.074444444444445,55.64073
test,2.2130555555555556,65.97647
test,170.61222222222221,34.949253
test,225.00444444444443,71.23873
test,1.678611111111111,61.61285
test,207.03722222222223,63.1726
test,153.5063888888889,32.17047
test,21.404722222222222,33.798206
test,30.54138888888889,51.611324
test,58.27388888888889,25.36005
test,57.085,49.609257
test,34.74472222222222,19.486895
test,169.48388888888888,75.27956
test,1.8144444444444445,38.8988
test,29.176388888888887,62.357433
test,153.1977777777778,50.57377
test,69.61,48.836193
test,257.9538888888889,65.66384
test,332.8663888888889,75.73667
test,115.25694444444444,35.10342
test,27.419444444444444,72.98819
test,153.48222222222222,74.983765
test,270.37361111111113,63.454918
test,211.3736111111111,80.922966
test,51.054722222222225,40.462273
test,83.02833333333334,73.02341
test,137.70805555555555,41.13869
test,51.14083333333333,58.77016
test,21.74888888888889,49.806232
test,26.30527777777778,69.25976
test,251.15583333333333,20.670074
test,17.855,44.679028
test,19.666666666666668,38.39524
test,224.2588888888889,54.66555
test,29.184166666666666,68.55146
test,18.12361111111111,58.063538
test,8.155,57.252663
test,145.37694444444443,41.28212
test,186.0675,43.358128
test,69.1725,73.888725
test,214.53527777777776,37.095
test,4.848055555555556,67.243065
test,119.89166666666667,70.76617
test,7.366388888888889,45.61993
test,17.19,59.99307
test,161.41805555555555,30.165552
test,31.725555555555555,67.82827
test,2.6375,64.32611
test,135.59527777777777,46.53776
test,21.668333333333333,63.33995
test,197.28472222222223,60.700325
test,289.3066666666667,39.28057
test,11.613333333333333,27.99184
test,21.801666666666666,42.1941
test,92.44305555555556,30.4795
test,9.278333333333334,50.30066
test,25.725555555555555,43.84277
test,25.170277777777777,39.2654
test,283.51944444444445,52.284603
test,24.57777777777778,37.728443
test,80.54638888888888,92.06352
test,12.468055555555555,28.983011
test,141.72416666666666,31.325249
test,210.46555555555557,60.09544
test,30.048333333333332,47.305176
test,114.44583333333334,47.623787
test,20.4825,53.496777
test,209.2588888888889,64.01018
test,119.62361111111112,47.55105
test,2.084722222222222,36.74796
test,248.68083333333334,45.923355
test,2.528611111111111,28.910542
test,37.12166666666667,47.06915
test,76.17527777777778,79.068504
test,4.773888888888889,44.886585
test,5.732222222222222,36.8636
test,15.699444444444444,53.287846
test,74.9413888888889,23.960485
test,70.39333333333333,44.465267
test,95.05527777777777,32.552845
test,27.843888888888888,47.52485
test,7.432777777777778,55.045055
test,29.407222222222224,40.634693
test,3.2866666666666666,36.980896
test,49.79833333333333,67.62591
test,162.4088888888889,29.16907
test,1.0538888888888889,38.45273
test,7.831944444444445,39.352036
test,85.12305555555555,67.24118
test,64.01527777777778,31.896828
test,19.68722222222222,42.708908
test,4.227222222222222,37.60604
test,122.42916666666666,51.307186
test,23.213333333333335,70.50718
test,6.290555555555556,54.26463
test,262.8855555555556,60.72266
test,264.7963888888889,62.54854
test,60.8575,47.00539
test,2.221388888888889,31.875088
test,28.54083333333333,42.029457
test,177.5438888888889,85.13706
test,172.81527777777777,55.309635
test,33.49861111111111,69.58764
test,117.4811111111111,49.064144
test,10.028055555555556,65.24547
test,59.72638888888889,78.337746
test,78.20666666666666,34.00758
test,327.2216666666667,60.55407
test,49.98861111111111,45.410175
test,3.6333333333333333,33.502495
test,3.1261111111111113,20.449156
test,29.273888888888887,60.619057
test,127.96527777777777,58.211807
test,1.0658333333333334,66.3
test,279.82138888888886,39.33484
test,24.194166666666668,33.2329
test,110.82555555555555,41.58159
test,288.85833333333335,65.97137
test,24.235555555555557,51.873432
test,47.45777777777778,76.68499
test,162.70638888888888,49.686768
test,1.1719444444444445,55.62369
test,21.33138888888889,35.420414
test,68.86972222222222,46.501686
test,4.836111111111111,30.161972
test,262.8202777777778,40.281586
test,140.35722222222222,34.0667
test,172.40194444444444,49.15646
test,31.29611111111111,61.46232
test,155.1963888888889,37.346718
test,321.665,70.67971
test,23.88361111111111,41.427673
test,292.07916666666665,40.061275
test,126.75972222222222,60.648888
test,202.8936111111111,46.568394
test,46.04666666666667,37.969986
test,99.09277777777778,73.22739
test,76.86472222222223,55.744675
test,112.84944444444444,48.41539
test,193.60472222222222,57.167282
test,3.843888888888889,43.53809
test,272.73,72.340225
test,20.764444444444443,39.63946
test,137.34805555555556,72.09685
test,250.31722222222223,43.349655
test,118.94083333333333,37.13103
test,22.584444444444443,37.819767
test,45.89611111111111,58.007095
test,150.22472222222223,51.783916
test,154.37583333333333,35.88414
test,251.6375,74.5074
test,71.87416666666667,48.57844
test,197.81555555555556,57.57708
test,83.495,35.792244
test,38.971944444444446,58.06731
test,131.20888888888888,57.440987
test,82.80583333333334,67.6372
test,25.173055555555557,79.48713
test,55.266666666666666,30.556982
test,141.69333333333333,55.165955
test,55.03888888888889,39.468876
test,5.335277777777778,31.89981
test,257.4558333333333,74.06168
test,1.5605555555555555,36.7352
test,199.27583333333334,65.01848
test,24.045,45.426796
test,143.78472222222223,59.170277
test,23.21638888888889,49.13916
test,8.715833333333334,45.68324
test,58.31638888888889,59.173832
test,13.457777777777778,45.79817
test,281.9530555555556,77.976074
test,50.4075,53.025837
test,37.153333333333336,70.897255
test,2.3505555555555557,35.855877
test,72.58638888888889,30.63489
test,10.45,32.1969
test,114.0838888888889,53.114452
test,295.54583333333335,81.99092
test,230.75833333333333,68.58639
test,165.1213888888889,62.425358
test,39.09444444444444,28.927412
test,3.2955555555555556,34.483074
test,29.81222222222222,72.6996
test,146.17194444444445,40.756462
test,167.1172222222222,68.20581
test,119.98388888888888,61.469227
test,171.8538888888889,36.841366
test,79.56194444444445,48.483414
test,232.5575,39.9793
test,107.20583333333333,26.014206
test,163.66472222222222,64.86353
test,279.16527777777776,37.815308
test,102.88111111111111,35.694427
test,126.70694444444445,69.39762
test,29.7725,46.95436
test,96.5725,36.30979
test,1.7730555555555556,38.993565
test,123.0963888888889,32.66131
test,17.837777777777777,35.524155
test,25.33,30.957197
test,64.41472222222222,41.180424
test,250.86694444444444,25.582235
test,198.605,61.559727
test,3.1238888888888887,57.004253
test,1.1130555555555555,32.167286
test,50.67722222222222,65.872185
test,321.16305555555556,33.91927
test,24.684722222222224,52.208157
test,203.9813888888889,25.60508
test,153.9036111111111,39.59964
test,29.69611111111111,77.772865
test,8.742222222222223,41.710472
test,159.0663888888889,56.800907
test,22.799444444444443,67.530716
test,16.674722222222222,34.78556
test,167.98472222222222,44.18563
test,114.99916666666667,76.9873
test,21.884722222222223,63.104973
test,107.67194444444445,65.295296
test,21.30666666666667,38.656265
test,25.435277777777777,44.00245
test,13.736666666666666,42.980736
test,247.70166666666665,49.22475
test,192.62722222222223,77.0897
test,143.72972222222222,54.748936
test,46.03388888888889,47.271866
test,55.26916666666666,46.18332
test,306.43055555555554,64.26671
test,22.142222222222223,55.082752
test,197.0038888888889,43.763916
test,142.865,31.916332
test,4.722222222222222,41.91332
test,68.7838888888889,70.11647
test,29.22277777777778,49.384132
test,68.43,61.457672
test,9.527222222222223,37.242294
test,240.93444444444444,46.133263
test,138.48194444444445,42.833427
test,100.47277777777778,64.29731
test,123.50888888888889,39.607635
test,207.29833333333335,57.60418
test,24.590555555555557,56.335648
test,38.683055555555555,59.99362
test,22.38388888888889,21.095072
test,13.071388888888889,57.685863
test,330.09055555555557,78.65521
test,46.31027777777778,67.1474
test,167.06083333333333,36.60846
test,316.0086111111111,61.601177
test,22.66027777777778,34.353992
test,223.49666666666667,80.100494
test,71.72805555555556,32.05431
test,16.663611111111113,43.58643
test,195.71583333333334,61.214203
test,25.274444444444445,63.755676
test,4.057777777777778,20.599325
test,30.823888888888888,58.78025
test,32.325833333333335,32.62119
test,25.40361111111111,42.225727
test,306.3569444444444,69.26636
test,20.86638888888889,36.31319
test,28.663055555555555,42.483086
test,12.840555555555556,43.200447
test,60.96361111111111,82.6358
test,86.21861111111112,61.997467
test,5.021111111111111,44.61362
test,69.7525,53.774635
test,95.27305555555556,46.390217
test,279.49444444444447,40.134335
test,20.76361111111111,52.36409
test,244.87305555555557,44.60578
test,38.29194444444445,39.634357
test,135.905,20.522161
test,66.735,58.08317
test,44.3575,59.628666
test,189.07833333333335,74.633736
test,32.51083333333333,42.934643
test,92.14805555555556,37.182568
test,46.841388888888886,75.755775
test,23.727222222222224,33.209118
test,25.511111111111113,49.211533
test,37.151944444444446,78.19098
test,302.4063888888889,53.334087
test,142.12777777777777,43.998352
test,127.24277777777777,53.839005
test,329.7613888888889,36.632713
test,65.9661111111111,65.721115
test,18.561666666666667,34.22218
test,1.3366666666666667,72.28454
test,232.42305555555555,39.266857
test,4.201388888888889,41.556385
test,128.72666666666666,51.061523
test,274.4111111111111,33.95188
test,80.51,58.056553
test,63.34972222222222,58.655045
test,309.45666666666665,71.35805
test,19.241944444444446,73.773865
test,13.318055555555556,46.950462
test,76.89305555555555,35.511322
test,45.35861111111111,70.62193
test,2.578333333333333,33.73414
test,5.946111111111111,42.638985
test,45.665,33.460995
test,317.7625,59.269024
test,315.10277777777776,38.308857
test,26.630277777777778,33.827877
test,61.0875,66.724335
test,139.97722222222222,77.55613
test,1.5733333333333333,67.94912
test,297.8855555555556,38.5266
test,217.49833333333333,38.91097
test,29.020555555555557,37.290733
test,295.30833333333334,46.314983
test,52.24472222222222,68.93687
test,160.13888888888889,52.835
test,177.6497222222222,27.068552
test,16.744444444444444,57.840145
test,39.00333333333333,43.619312
test,49.56583333333333,40.74158
test,160.79083333333332,33.315914
test,17.280555555555555,70.36356
test,20.147777777777776,73.4006
test,11.083055555555555,30.116543
test,306.6538888888889,35.199585
test,21.7925,73.720825
test,11.927222222222222,61.49223
test,2.0069444444444446,26.35919
test,7.049166666666666,50.828064
test,35.17638888888889,76.46235
test,1.943888888888889,46.141285
test,52.84972222222222,35.861538
test,1.0555555555555556,31.569618
test,64.19972222222222,46.66564
test,139.14944444444444,51.12227
test,124.98416666666667,63.064423
test,38.255833333333335,56.811077
test,4.543611111111111,19.78915
test,234.16916666666665,78.54802
test,195.8347222222222,26.602074
test,28.670277777777777,57.860966
test,11.8275,22.407402
test,2.129722222222222,36.986084
test,13.78,65.4507
test,15.968055555555555,29.195082
test,28.38,25.693441
test,16.36611111111111,41.737076
test,19.48111111111111,35.268845
test,268.12944444444446,64.00385
test,116.815,29.115623
test,2.3561111111111113,34.414616
test,38.64194444444445,75.2337
test,242.4911111111111,90.15521
test,25.627222222222223,64.47587
test,17.24222222222222,70.09612
test,100.24805555555555,52.77922
test,31.163611111111113,58.23341
test,2.0075,58.762383
test,97.22222222222223,51.851315
test,3.4705555555555554,32.62491
test,194.9975,54.76502
test,298.55083333333334,52.367245
test,59.422222222222224,68.43217
test,4.427777777777778,59.76032
test,274.47833333333335,69.39638
test,195.26722222222222,43.480732
test,1.8908333333333334,29.317875
test,94.87861111111111,48.41546
test,172.32166666666666,69.78353
test,2.0122222222222224,50.087124
test,151.59027777777777,60.00441
test,190.22,74.4889
test,185.53472222222223,51.56699
test,35.36,27.836994
test,248.22,66.569695
test,24.985277777777778,46.426537
test,14.164722222222222,33.557594
test,20.118055555555557,67.43631
test,25.795,58.328613
test,18.6,40.390053
test,13.605555555555556,33.429714
test,11.043333333333333,31.604671
test,45.32805555555556,47.495068
test,4.088611111111111,40.992252
test,240.26805555555555,36.04637
test,119.36444444444444,68.863335
test,37.34166666666667,35.158474
test,42.5625,72.0972
test,129.9163888888889,44.910408
test,7.7780555555555555,49.23698
test,35.608333333333334,31.18311
test,135.68027777777777,58.72532
test,24.641111111111112,76.89906
test,92.415,80.599724
test,72.44083333333333,81.966866
test,309.7344444444444,75.72734
test,79.78166666666667,68.91322
test,5.885833333333333,34.89296
